Avg supply int min,Cost,Expected Burst/year,Expected Int to Supply Prop min,Expected Leakage l/d,Expected Leakage l/h,Ref,burst_points,leakage_points,supply_points,total_points
0.0,29155.586314446617,44.59106781521412,0.0,37954.19548643244,1581.424811934685,49855.0,0.7284017430842697,0.8555142967620539,0.0,2.7386705294772064e-05
3.7265288445595965,169179.71582931388,183.21184093213355,7453057.689119193,142361.66599960063,5931.736083316693,62493.0,3.0147522538518463,3.236621978300698,1.6479773306119052,1.8543226853370556e-05
0.07150191105469489,25898.498070139933,23.366637599573494,143003.8221093898,21904.14478368043,912.672699320018,7627.0,0.39645019282186855,0.5146526310508965,0.03215000906711351,1.7843894250941334e-05
0.05196695314327792,24086.052464834498,12.83134645513035,103933.90628655584,12144.18299038144,506.0076245992267,47170.0,0.218569634042201,0.28681184144502564,0.023373855401407694,1.064839416546482e-05
0.0005047980218320599,2490.903575426453,1.4022167273112776,1009.5960436641199,1177.1771794375763,49.049049143232345,55899.0,0.023937732641187953,0.02788162021809635,0.0002271026835153137,1.0489399719443316e-05
0.7963545947389723,60697.41484534748,32.3721379975192,1592709.1894779445,29143.519362704817,1214.3133067793674,68620.0,0.5527684208487145,0.6904611925431899,0.3582713647815399,1.0366927553504279e-05
1.3797239223818178,112406.47786054511,69.15909385372521,2759447.8447636357,45985.24798255896,1916.05199927329,80777.0,1.1874858350515634,1.0970460193969305,0.6229548179762138,1.0117323730049476e-05
0.346087438799368,125447.75366311132,74.42740619341247,692174.877598736,51038.775857903835,2126.615660745993,12281.0,1.2933023835202784,1.2311112488143057,0.15724038989283787,1.0032390621075679e-05
0.06645271760749988,21209.817835087906,10.255049013503067,132905.43521499974,8908.01032811062,371.1670970046092,75803.0,0.18053371212062275,0.2175492519984334,0.0302394888029505,9.49397901429157e-06
0.0019341171595685578,3933.9758547747165,2.014705374550581,3868.2343191371156,1369.459464875752,57.06081103648967,45142.0,0.03553177254266872,0.03351752160860315,0.0008803914682482868,8.743808544346878e-06
0.14789139609418844,25433.940770857957,13.145901875038973,295782.7921883769,8695.930994700962,362.3304581125401,51904.0,0.2319263293282502,0.21290427898953565,0.06731932913409139,8.697685631640362e-06
0.005575824016755407,7569.674519210263,3.260715799272168,11151.648033510814,2659.4378385363348,110.80990993901395,34996.0,0.0576608485316941,0.06525048830501098,0.002539793406840725,8.182642178688023e-06
1.1048938169898077,101295.0649032356,50.799715723669316,2209787.6339796153,30291.206250814575,1262.1335937839406,61885.0,0.8988347479875587,0.7436934599377504,0.503293019428393,8.009791524373438e-06
0.003102081962930127,3914.7126935213664,1.723378868294515,6204.1639258602545,1015.4065754596318,42.30860731081799,2549.0,0.03076950954738448,0.025116507813909644,0.0014201850116588415,7.03988818481711e-06
0.09088847970486486,33612.30255066799,11.016785418771498,181776.95940972972,10555.886147099463,439.8285894624776,23612.0,0.19675616620524491,0.261169870944218,0.041610857266424814,6.942284637960408e-06
0.04631021049569833,23354.772109091788,8.16758562534362,92620.42099139665,6432.676258549871,268.028177439578,50430.0,0.14615796928407446,0.15957167436761438,0.02121071607020692,6.584406353566172e-06
0.003585734959433186,30563.2876893729,9.960374887314405,7171.469918866372,8475.811010956639,353.1587921231933,84540.0,0.17850061187784005,0.21059057777030035,0.0016426645605632938,6.437077080968758e-06
0.34841241295259084,66581.31155190016,20.374994909508235,696824.8259051817,18913.050598679794,788.0437749449915,54657.0,0.3657947301017512,0.47090662856589977,0.15961417428294009,6.3915559165414485e-06
0.048866472733952754,18329.42560816314,7.021044933039189,97732.9454679055,4325.767230629794,180.2403012762414,59953.0,0.1265124385555204,0.10821471440001125,0.022422424877232557,6.334460542622128e-06
0.10638305945774448,41483.47820296663,11.703306871038999,212766.11891548897,11109.889353560779,462.91205639836573,75294.0,0.2111493999939152,0.2782294709478002,0.048824910051948923,6.010440350202946e-06
0.013121115556585848,19675.254623954705,6.338703167432777,26242.231113171696,4791.101388591329,199.62922452463872,69823.0,0.11460396765986858,0.1203202642359883,0.006024927591591718,5.990143019936253e-06
0.004048694295061796,33718.02723353523,11.246373041838323,8097.388590123593,7734.3074494874045,322.2628103953085,96489.0,0.2035681021021522,0.19446780235596617,0.0018591833611703152,5.88365973851071e-06
0.5410556776983457,115914.73825237152,33.092090379103716,1082111.3553966915,27725.908242200203,1155.2461767583418,86687.0,0.6002144277059782,0.6984855745387839,0.2484604522863763,5.661597088868022e-06
0.007238742287961209,13392.200619176261,3.7121755322877994,14477.484575922417,3245.980016003119,135.2491673334633,15292.0,0.06773689501642795,0.08234962570021574,0.003332413005248389,5.681412510828156e-06
0.0021020186954599693,16003.68520890122,4.379205615541603,4204.037390919939,3835.424637137263,159.80935988071928,41812.0,0.07996250585928578,0.0973838698629127,0.0009677133949271915,5.618614709240706e-06
0.09037342949223238,147453.47439017423,37.655595621763496,180746.85898446478,33268.85308604042,1386.202211918351,29947.0,0.6881260385010741,0.8455407504397586,0.041605921384795026,5.276933655609094e-06
0.0007336259014716707,6330.459463730879,1.5283872947326471,1467.2518029433413,1427.8138473653876,59.49224364022448,77115.0,0.028123587036402414,0.03659789046567964,0.0003378856649670514,5.208836651460731e-06
0.00011521629514255783,5023.625830052027,1.2801810571395313,230.43259028511565,1035.8327486490841,43.15969786037851,72499.0,0.02356301427661758,0.02656030590188818,5.306528294639147e-05,5.031983506762584e-06
2.3984236573194386,202609.531849164,64.73478157407392,4796847.314638877,31577.9293897097,1315.747057904571,15967.0,1.191789299066238,0.8099206083912754,1.1046449409029218,4.803153559919185e-06
0.0010274546368052276,5134.798724852329,1.3699395157403036,2054.9092736104553,925.3947293119675,38.55811372133198,48559.0,0.025525258729591792,0.023928616211202222,0.0004785017947044376,4.790254001044041e-06
0.00501767457720571,9720.360709075823,2.0648866572863005,10035.34915441142,1973.3454294992252,82.22272622913438,17635.0,0.038483613723184346,0.05103846563849914,0.0023368212017837965,4.710166509789336e-06
0.07792153142345815,46467.91496281749,10.822434919924744,155843.0628469163,8862.017627653015,369.25073448554224,18940.0,0.20177705360083228,0.2293236359961248,0.036290305218175,4.687034668331452e-06
0.022389935852280354,65807.97621797219,18.658279876900295,44779.871704560705,10687.33158183747,445.30548257656125,11504.0,0.34857448014172876,0.2771932030891496,0.010431424671359027,4.6653829702742025e-06
0.08865434030554196,29876.416095534914,7.943937303363976,177308.68061108392,5034.54935523907,209.7728898016279,89099.0,0.1489279725634714,0.13094213029147359,0.04130818228942517,4.632948264378713e-06
0.0011671681378841723,10805.824095817583,2.5937069730759386,2334.3362757683444,1925.5229391232415,80.23012246346839,64177.0,0.04869772210829851,0.05014602852002039,0.0005440626868992413,4.5850598560351515e-06
0.05354679649791248,20923.409851943077,5.491979127991024,107093.59299582496,3432.792800433275,143.03303335138645,59262.0,0.10316399661463169,0.08944442432799206,0.024960390481482714,4.546705337506312e-06
0.08505723231363121,40082.570357900935,10.618880438655584,170114.46462726244,6215.888455405445,258.9953523085602,98824.0,0.19967618857741756,0.16210541450230212,0.03965861503419511,4.432308805516891e-06
0.03378409523048445,19418.6377860575,3.883229336837293,67568.19046096891,3603.5572596338907,150.14821915141212,50139.0,0.0731658861416177,0.09413049055471771,0.0157583542230263,4.402001497984704e-06
0.2744708376033645,21556.965482917636,5.082793288951194,548941.675206729,3551.416344528989,147.97568102204121,79711.0,0.09583759713349829,0.09285589489622888,0.12804517458467476,4.364522924727805e-06
0.0014312601555034454,5404.976412581643,1.192716796252871,2862.5203110068906,899.01499693686,37.4589582057025,46377.0,0.02251060776791693,0.02352763546421131,0.0006685625407927701,4.2754345348587464e-06
0.04879396776793536,73877.43025347154,14.786050838768293,97587.93553587073,13029.380362847705,542.8908484519877,79512.0,0.27912571849741324,0.34106511415972995,0.022792527996796735,4.271331794032947e-06
0.00030584467700218624,13781.251452962375,3.3982741889131804,611.6893540043725,2086.384261522587,86.93267756344113,83028.0,0.06433095496486066,0.05480139250717678,0.0001428980446862775,4.260838759267784e-06
0.0025222884610463735,6982.5636086099885,1.4750224918399844,5044.576922092747,1098.5156944256828,45.77148726773678,73036.0,0.027940855534536076,0.028869657180514458,0.0011784759761046823,4.079900663728437e-06
0.007150643527696855,29059.950370196955,5.417154187649133,14301.28705539371,4851.747628996805,202.1561512082002,1868.0,0.10264401151855726,0.1275436849917653,0.0033409980860370017,4.037128973501783e-06
0.002451893936383437,14807.073473085446,2.7243265959815965,4903.787872766874,2463.531623153249,102.6471509647187,81728.0,0.05167346638779826,0.06484450336067415,0.0011456376776459126,4.014194155459659e-06
0.0012507031545406532,16279.367611725324,3.4741754292795926,2501.4063090813065,2387.287951778072,99.47033132408635,17485.0,0.06593023798636125,0.0628784084617511,0.0005843927633321017,3.939387644600756e-06
0.6638851159784634,146983.0403533142,28.554198536708103,1327770.2319569269,22739.983206745987,947.4993002810828,85899.0,0.542237188387151,0.5993217477206185,0.3102030432505384,3.918257673416543e-06
0.01595172245968611,21599.216079818638,4.431034016579475,31903.44491937222,3222.2171658347816,134.25904857644923,28872.0,0.08460299211177491,0.08543490815069676,0.00747670069560244,3.939755906383087e-06
0.9188051138168498,200034.6552311987,36.11655321607114,1837610.2276336995,31760.98639191877,1323.3744329966155,29599.0,0.6901675199684674,0.8428411467435571,0.4306835522684902,3.90255324892737e-06
0.00014856180140478,4680.755985544491,0.8253433411376667,297.12360280956,742.0849044055724,30.920204350232183,15555.0,0.01588146722972891,0.01986009265632121,6.993853226618704e-05,3.8982478104023625e-06
0.002005905529724858,17589.847550682087,3.183977031309298,4011.8110594497157,2626.5605423201278,109.440022596672,18419.0,0.06127663033856493,0.07030745033659744,0.0009443220626292746,3.7888966268135494e-06
0.0027271812007602014,8696.368750843163,1.5151006670890008,5454.362401520403,1283.8746090083707,53.49477537534878,75394.0,0.02917646291282116,0.034390777290350796,0.0012838898234293211,3.7116579435944845e-06
0.0038027699840677835,24165.955794312526,5.281624977871922,7605.5399681355675,2981.2342948036685,124.21809561681953,43076.0,0.10173852631276992,0.0798849326201332,0.0017902735493584383,3.6720180768729726e-06
0.05677513052539849,46522.18911498061,9.011925480221983,113550.26105079698,6114.994438712088,254.79143494633698,3297.0,0.1737710972091169,0.16398793821222296,0.026729156532587763,3.6099402429791883e-06
0.009698778780293541,32485.628788329315,5.986900481662681,19397.557560587084,4358.456812572791,181.60236719053296,16182.0,0.11564246096907684,0.11707424381140967,0.00456730764037968,3.58611381953694e-06
0.01467208314246412,14315.047081852501,2.794682503326499,29344.16628492824,1841.00728550752,76.70863689614667,1918.0,0.054044347971120524,0.04950999316400538,0.006909630556090933,3.5860525208084624e-06
0.005395985393676247,17522.575097411165,3.2702941779856043,10791.970787352493,2303.7772372647537,95.99071821936474,15381.0,0.063276056023781,0.06198590045527999,0.0025413461454204672,3.567084788991326e-06
0.005323624553028663,13541.978230724231,2.8167325677400328,10647.249106057325,1632.7788807007196,68.03245336252998,71315.0,0.05453471995744121,0.043959130212148,0.0025073300949273727,3.559770748267548e-06
0.0028841993250528037,20486.316372712277,3.8455991000704053,5768.398650105608,2596.4775135659056,108.18656306524608,25481.0,0.07449521629729133,0.0699354278721175,0.00135843935293794,3.50305151579948e-06
0.0019179672271518182,21056.790719823497,4.262149393670707,3835.9344543036364,2437.001142267623,101.54171426115096,93445.0,0.0826259936637514,0.06568591215787464,0.0009033625138904019,3.441779351729697e-06
0.0,2594.9412383049325,0.43417256114697805,0.0,328.5478112049285,13.689492133538687,25031.0,0.008423826027781045,0.008861361310680941,0.0,3.3474258546221426e-06
0.007107663131781907,13710.145914204122,2.3227657293404924,14215.326263563813,1698.2952864463555,70.76230360193148,6495.0,0.04507015079121355,0.04580928959204216,0.0033477393916368776,3.3197117954034383e-06
0.1033082504556876,92071.16539314247,14.591560798825933,206616.50091137522,11866.21109082545,494.42546211772714,72644.0,0.2832573134228778,0.32022218400771596,0.04866025184835186,3.3175682086813826e-06
0.03700049478723539,39708.24460026685,7.61327053235296,74000.98957447078,4309.3154618068575,179.55481090861906,23790.0,0.148211724862919,0.11666499632684102,0.017436457578110166,3.2543546759637085e-06
0.09386516950931607,39169.86373155918,6.68555338385442,187730.33901863213,4524.099296256112,188.50413734400468,35123.0,0.13034453075245597,0.12262284212687369,0.04424161038162857,3.208743392692408e-06
0.0003728307698162578,7275.065310052147,1.0356410272673828,745.6615396325157,910.3207301808658,37.93003042420274,48238.0,0.02021767202793942,0.024703958739455474,0.00017580466177466033,3.151673472421198e-06
0.19165505947632394,84008.53898824508,12.777003965088262,383310.1189526479,10098.276610257588,420.7615254273995,29876.0,0.24948172771505,0.27411113907507195,0.09037320648376528,3.1469023343377524e-06
0.0005543200304598125,22693.563997560166,3.079555724776736,1108.640060919625,2822.1089199110747,117.58787166296145,24002.0,0.06028130140495905,0.07681486599616019,0.0002616210223231569,3.0976614244008086e-06
0.002401859612823839,11164.336194725222,1.4556724926205085,4803.719225647678,1387.5888030023284,57.81620012509702,87040.0,0.028511502557039613,0.03779775654782317,0.0011336025704013926,3.05783017937595e-06
2.7284211837603006e-05,1567.6936968042958,0.22736843198002504,54.56842367520601,180.9487206224479,7.539530025935329,59291.0,0.004454617697942562,0.00493088573015023,1.287744009949199e-05,3.02562630589942e-06
0.001280693615278218,7113.387376697031,0.9486619372431243,2561.387230556436,852.3288905306895,35.51370377211206,16388.0,0.01858707682262581,0.023227263456747912,0.0006044542367015569,3.0082561841401254e-06
0.005549910842020305,15435.636886464239,2.2023455722302794,11099.82168404061,1766.6426554221407,73.61011064258919,89130.0,0.04315844749215978,0.048154894431914716,0.0026194300957738583,2.9921920923982232e-06
0.021827035416157457,32452.20495148219,4.850452314701657,43654.070832314916,3601.8383140361548,150.07659641817312,30750.0,0.09509333149818104,0.09822569736317106,0.01030212786847071,2.9887760176463575e-06
0.02312103781140078,29176.323971365917,4.404007202171577,46242.07562280156,3217.290458892283,134.0537691205118,75932.0,0.08642293783292206,0.08782496325682487,0.010914007569792867,2.9912553218613475e-06
0.0023097313262661345,11232.117233402809,1.8331201002112179,4619.462652532269,1167.1574492627512,48.63156038594797,35865.0,0.036003723418272834,0.03188884125077763,0.0010903998745402993,2.9828620224255256e-06
0.0036491309497019204,14447.695506025124,2.211594514970861,7298.261899403841,1564.8140613728897,65.20058589053707,10370.0,0.04345286254879611,0.04276717324089574,0.0017227351389751235,2.978752749540539e-06
0.040277620002217566,164229.8821236452,29.83527407571672,80555.24000443514,15351.088896340476,639.6287040141865,65657.0,0.5864509225060145,0.4197326639642632,0.019015175841843753,2.953676401550239e-06
0.009449086443195373,24232.66612376866,3.149695481065125,18898.17288639075,2782.6793172131884,115.94497155054952,52958.0,0.062276562251053505,0.076405294363996,0.004461788270139981,2.9284066621123073e-06
0.006363708840403026,12244.041231927433,1.5151687715245297,12727.417680806051,1374.9874542670113,57.291143927792135,72389.0,0.029976962332208135,0.03778252510359939,0.0030050300147779307,2.840450123781015e-06
0.0008760658267074976,11128.611955238208,1.9468129482388834,1752.131653414995,992.851729651484,41.36882206881183,6601.0,0.03852840632478867,0.02729233913324103,0.0004137026509420576,2.8408415241764986e-06
0.022857331038011297,50226.40463976414,6.926463950912514,45714.66207602259,5272.683457679308,219.69514406997118,94166.0,0.1371310358478605,0.14497950320592262,0.010793912142289228,2.8264875076338835e-06
0.0002950707360056472,2954.352803091504,0.40982046667451,590.1414720112944,306.4544589702269,12.76893579042612,19998.0,0.008124820651290643,0.008438610611036233,0.00013935622731387965,2.815644694369088e-06
0.00020899006406577573,3699.6102291962434,0.4644223645906127,417.98012813155145,405.385949250491,16.89108121877046,20488.0,0.009208068723533684,0.011163756222400182,9.87021209042991e-05,2.8150885642040307e-06
0.5232616921232547,215325.58050308577,28.13234903888466,1046523.3842465093,22477.712692003595,936.5713621668165,82849.0,0.557829420498634,0.619073557859616,0.2471270105982438,2.7661225911577895e-06
0.018671950923608453,17271.8883614288,2.7662149516456966,37343.901847216905,1561.758061441889,65.0732525600787,57852.0,0.055158284133921626,0.04328135555111067,0.008840270600312903,2.7665415132498195e-06
0.0009064680702910025,5734.867744995638,0.7553900585758354,1812.936140582005,580.5671880477541,24.190299501989756,16901.0,0.01507077908139223,0.01609635694624076,0.00042920697122731397,2.739078068201546e-06
0.0007893727104162766,9346.202490049496,1.096350986689273,1578.7454208325532,1000.4677872858733,41.686157803578055,7698.0,0.021876583929119217,0.02774266184058535,0.0003737646537029013,2.7308766263594157e-06
0.0009770368417368655,4777.314460625448,0.6513578944912437,1954.073683473731,470.71634704677615,19.613181126949005,54838.0,0.013000037216700774,0.013056440700608877,0.00046262455860667564,2.7285431563846966e-06
3.2109202922529536e-05,2568.154585989074,0.3567689213614393,64.21840584505907,244.14189835054094,10.172579097939206,4698.0,0.007121449384452929,0.006772742189562568,1.5203699508148096e-05,2.688534935211083e-06
0.0027786009626960323,16405.757724964504,2.6462866311390782,5557.201925392064,1328.4485064067117,55.35202110027966,24986.0,0.052826177766359006,0.03685499583596423,0.0013156670570307462,2.6144113222686455e-06
0.00047634973001771017,8940.663332531583,1.0585549555949114,952.6994600354203,855.6278401619653,35.651160006748555,62469.0,0.02114244439836348,0.02374633757540275,0.0002255544791965384,2.5461153689830964e-06
0.00169276593678337,5653.195043146265,0.6269503469568037,3385.53187356674,556.0420505408363,23.168418772534846,36185.0,0.012524683636132475,0.015435564179329899,0.000801536720619609,2.5362271165034294e-06
2.337026487794855e-05,2407.354612208309,0.2596696097549839,46.7405297558971,237.66962056751302,9.90290085697971,26027.0,0.005188109579421471,0.006598657474292517,1.106607547405263e-05,2.520117005481416e-06
0.0012604559186838984,14505.071313999499,2.100759864473164,2520.911837367797,1194.051679804111,49.75215332517129,99044.0,0.041974637953164806,0.0331538291450831,0.0005968396996887767,2.514938919768066e-06
0.0373792767195684,66705.32723829495,7.119862232298742,74758.5534391368,6560.658076823227,273.3607532009678,45300.0,0.14231951968558504,0.18222249317938305,0.017699603067081186,2.5065167969322576e-06
0.002624034159263728,15768.307744125392,1.7493561061758185,5248.068318527456,1484.7977323878918,61.866572182828826,88086.0,0.03501786228914639,0.041315591998985234,0.001242736324864921,2.470074125200131e-06
0.0013279968251761372,4676.143929316137,0.6810240129108396,2655.9936503522745,364.59971510579226,15.191654796074678,63007.0,0.013637222863009313,0.010149449284152873,0.000628943947958075,2.4506144286105787e-06
0.19611004591524528,96869.02444674395,10.27830429325185,392220.09183049056,9018.637394902802,375.7765581209501,62526.0,0.20584684417626029,0.2510794447156,0.0928789888139697,2.4166465936377533e-06
0.0036648991122263572,38052.63821118479,4.072110124695953,7329.798224452715,3524.443191375728,146.85179964065534,91130.0,0.08172165617948218,0.09836770605936385,0.0017373335911152956,2.4214050754240223e-06
0.0006325020063474362,4683.7584723234695,0.5856500058772558,1265.0040126948725,395.46519088845395,16.477716287018914,71382.0,0.011762803844858265,0.011048357213619613,0.00029984074315337684,2.41584328842009e-06
0.2053603918311481,112887.01828207863,11.408910657286006,410720.7836622962,10647.615593256469,443.65064971901955,67565.0,0.22917538534893805,0.2975019340105629,0.0973524139239242,2.4093887734235927e-06
0.0024004998966827324,8610.106632425137,0.9092802638949745,4800.999793365465,786.7872459073503,32.78280191280626,8748.0,0.018307034252146314,0.022048990037034963,0.0011390813310080915,2.399121500163366e-06
0.012507327908561896,32805.98982185433,3.4742577523783043,25014.655817123792,2965.528398819206,123.56368328413359,46738.0,0.06996192947290435,0.08312453816741697,0.005935024628137191,2.3846003500034747e-06
0.003744433247507214,10977.257799364636,1.4858862093282597,7488.866495014428,841.8683388984014,35.07784745410006,17885.0,0.029942581628814274,0.02361742203293922,0.0017769281129969216,2.3654673155958705e-06
0.0025182675835557287,9901.877207407544,1.049278159814887,5036.535167111458,869.0880873438219,36.212003639325914,74302.0,0.021150682307484295,0.024386792995388425,0.0011950700371793409,2.341607333474489e-06
0.0032234369064375657,9212.2106715899,1.3430987110156523,6446.873812875131,646.8153454742938,26.950639394762245,10476.0,0.027079057654982815,0.018154200726757094,0.0015297337448203887,2.329919146074001e-06
0.4140368878458317,154965.4935000139,14.682159143469208,828073.7756916634,13957.430556899231,581.559606537468,94820.0,0.29609642277306536,0.3918150771897529,0.19649085937992128,2.2996063527010436e-06
0.003450560707711931,11994.046763309463,1.597481809125894,6901.121415423861,882.7179993900438,36.77991664125182,23470.0,0.03231223456370198,0.024877264515892665,0.0016407680010024797,2.302677216806768e-06
0.23202261883077444,73861.75160805091,9.915496531229676,464045.2376615489,5281.964278423788,220.0818449343245,11068.0,0.20062538874000954,0.14889638556480547,0.11033033966463318,2.2737740392084596e-06
0.6115102283062058,195917.6161781084,18.700618602636265,1223020.4566124117,16884.85864883168,703.5357770346534,37195.0,0.37913997527330634,0.47668694233462566,0.2911037362405093,2.2512531288452903e-06
0.0012488576320482544,7396.3909996441735,0.9250797274431514,2497.7152640965087,542.6159340961485,22.608997254006187,54530.0,0.01882662540965687,0.015392300884394644,0.0005962427034653339,2.2492805982504743e-06
0.006643287782723677,19932.70408653344,1.8453577174232436,13286.575565447354,1679.7298730293564,69.98874470955651,2179.0,0.03756260072845411,0.04765596854629207,0.0031717270113150887,2.207548193240311e-06
0.03857996028647866,34857.35811310189,4.592852415056983,77159.92057295732,2358.584930006648,98.27437208361033,679.0,0.09352349790871886,0.0669478123841296,0.018419943158930273,2.1963600120552325e-06
0.27328654257233437,99131.20360943518,11.386939273847265,546573.0851446687,7277.733300804423,303.23888753351764,54868.0,0.23208742683057046,0.20671493514082573,0.13050428148198784,2.177434245875328e-06
0.0006569511990951443,8708.811432788416,1.0949186651585738,1313.9023981902885,596.9576428672368,24.8732351194682,49265.0,0.02236843410726453,0.016990959968564777,0.00031412808468598137,2.1713326377540478e-06
0.0002748843678783281,6517.90764713168,0.610854150840729,549.7687357566562,529.6566339586657,22.069026414944403,82807.0,0.012482121577074085,0.015077960910996325,0.00013143924747784495,2.17135194079361e-06
0.001198966242347761,7834.8014871312635,0.7993108282318407,2397.9324846955224,610.5908502974589,25.44128542906079,67454.0,0.016335062028659232,0.017384570945714807,0.000573300799164653,2.171159948524212e-06
0.2227794445577349,144426.00432175765,13.260681223674696,445558.8891154698,11839.738567917408,493.32244032989195,81071.0,0.27104529614679146,0.33715631946258096,0.10652540606496866,2.171435423564045e-06
0.004077613037644215,16635.0694132324,1.699005432351756,8155.2260752884295,1275.257977957356,53.1357490815565,62352.0,0.03482166555737821,0.0364379525341053,0.0019518523922088457,2.156075035178825e-06
0.03239862621584106,33310.3083871057,3.2237439020737373,64797.25243168212,2596.7921074030287,108.19967114179286,37726.0,0.0660946886534695,0.07422519991749901,0.015508722829607711,2.1421187704631406e-06
3.2682830237489316e-05,1830.4860319801767,0.18157127909716286,65.36566047497863,140.96165277877202,5.873402199115501,65001.0,0.003725120458326967,0.004032159028280719,1.564719359264103e-05,2.1436885876928815e-06
0.002034001303545871,18857.69750711904,2.260001448384301,4068.002607091742,1288.8820997675691,53.70342082364871,70354.0,0.046367967964858266,0.03686951061771971,0.0009737962383594492,2.1325564409685454e-06
9.436532099487748e-05,5363.649762152876,0.5242517833048749,188.73064198975496,393.8324143614475,16.409683931726978,63400.0,0.010760951720944748,0.011270048644175435,4.5178677767580415e-05,2.0678418479991255e-06
0.0009850358314254727,24740.35771136334,2.188968514278828,1970.0716628509454,1849.2221249633517,77.05092187347299,78035.0,0.04493626976080821,0.05292396353834571,0.00047159948224635007,2.0258080203869022e-06
1.0209728922479115,158924.52755056453,18.29700523741777,2041945.784495823,10177.7536132365,424.07306721818753,4715.0,0.3757791807102214,0.29143729040454036,0.48880715069146613,2.019895035565037e-06
0.15659875203001888,113656.57598718937,10.43991680200126,313197.5040600378,8273.088028238548,344.7120011766061,99737.0,0.21522107821967595,0.23759011992797954,0.07534244395749043,2.0227422001228756e-06
0.007760230517654597,30829.556492912117,3.448991341179821,15520.461035309194,2000.0155483524893,83.33398118135372,54298.0,0.07125503696388007,0.057574101859043846,0.003736399975488282,2.0188053380815465e-06
0.0007125279158003192,7997.010221624408,0.7916976842225769,1425.0558316006384,543.528841831204,22.647035076300167,90402.0,0.016367879052804526,0.015655484317524723,0.0003430811441190076,1.9879211726697047e-06
0.004125600428697413,16225.136830918518,1.9645716327130536,8251.200857394826,964.1662651936219,40.17359438306758,84493.0,0.04062299992966788,0.02777562507790345,0.0019864773574613578,1.980592043140981e-06
0.0035511429408327673,8899.314584105801,1.076103921464475,7102.285881665534,521.4777605178069,21.72824002157529,8902.0,0.02226049393370985,0.015026863651959611,0.0017099099394513894,1.963656597667236e-06
0.01439572383173161,36755.35637267162,3.6352837958918207,28791.44766346322,2450.245857163625,102.0935773818177,29537.0,0.07521692764894228,0.07061671052274851,0.00693179986945881,1.963567246034246e-06
0.02055093376366144,20572.80695411379,2.2460036900176434,41101.86752732288,1286.1795575155174,53.5908148964799,71370.0,0.04650659254914044,0.0370942175956005,0.009896330120160396,1.957141249771888e-06
0.0,4921.458795630461,0.5269826956445718,0.0,309.6025751667303,12.900107298613761,1672.0,0.010916977934430278,0.008932444057000336,0.0,1.9504172493223737e-06
0.0008446346689386008,23673.638324371666,1.8769659309746685,1689.2693378772017,1721.076101940188,71.71150424750783,54628.0,0.038887487276861706,0.049659759240045356,0.00040677523004881014,1.9449705851883195e-06
0.10786476036045546,93510.36645377878,9.461821084250479,215729.52072091092,6054.9105781888065,252.28794075786695,88004.0,0.1961088274150095,0.17479459219079016,0.051947774349881286,1.9456488899202304e-06
0.011217292466141131,34601.498337795776,3.338479900637241,22434.58493228226,2294.5775455644425,95.60739773185178,27697.0,0.06933039958376365,0.06635639526238686,0.005405066862070199,1.9462274485464605e-06
0.0026434586399519382,8038.40977714286,0.8010480727127085,5286.917279903876,520.3586040618968,21.681608502579035,99276.0,0.016646951710591874,0.015058130752702225,0.0012738228106921967,1.9385536958698023e-06
3.760402664698986e-05,3141.9437368574854,0.25069351097993237,75.20805329397972,224.4918366893358,9.353826528722324,50262.0,0.005210645595019159,0.00649732032724173,1.81207590589069e-05,1.932828521653405e-06
0.02893694869680399,47737.804756180376,3.9369998226944203,57873.89739360798,3355.80451714828,139.82518821451166,73087.0,0.08183450655445271,0.09713116510500588,0.013944239939385414,1.9289897180464846e-06
0.0010466429710546381,13930.157150416899,1.4536707931314419,2093.285942109276,863.4669651128316,35.97779021303465,56125.0,0.030240758908978285,0.02501668216930358,0.0005044303830282522,1.9191365093463587e-06
3.7172559434527656e-05,1520.6692901314273,0.12390853144842552,74.34511886905531,106.0009041348335,4.416704338951396,16323.0,0.002578452793190834,0.003071865620431024,1.7915433914263777e-05,1.913629172583089e-06
0.00595843850361314,27611.70710793396,2.4826827098388082,11916.87700722628,1821.3768787207066,75.89070328002944,99352.0,0.05166428135624621,0.05278442611586344,0.0028716890090948674,1.8983616785479103e-06
0.00019038034305417128,4447.783920863117,0.4230674290092695,380.76068610834255,284.3271339591197,11.846963914963322,31189.0,0.00880852512596971,0.008244296314830363,9.175706667389844e-05,1.8950695988785495e-06
1.8870040534979538e-05,2791.4426511640645,0.2096671170553282,37.740081069959075,192.4021964595077,8.01675818581282,87813.0,0.004365783412551707,0.0055793180223979374,9.094747537841012e-06,1.8566081618789608e-06
0.00014081050200928213,3644.7181998651604,0.2933552125193377,281.62100401856424,239.5558491310838,9.981493713795158,95530.0,0.006108641426110316,0.006947076831870863,6.786610132329972e-05,1.8308870219584505e-06
0.09647013857551853,76660.5750937549,5.641528571667751,192940.27715103707,5147.78236110776,214.49093171282334,87085.0,0.11748276138234912,0.1492951405489054,0.046495513822111235,1.8119201441597256e-06
0.009238114534056643,22272.70949237095,2.4634972090817717,18476.229068113287,1201.6719016973288,50.06966257072204,33291.0,0.05136176619922211,0.03490279977751195,0.004454546182322325,1.8072343942275087e-06
0.01876051247484228,35997.22600127291,2.908606585246865,37521.02494968456,2291.410012028906,95.47541716787109,92424.0,0.060673070876731655,0.06657769776631,0.00904657457168482,1.7964185106928813e-06
0.004270582616211657,18006.052365046817,1.4235275387372188,8541.165232423315,1149.9430629531173,47.91429428971322,29106.0,0.029712585644035505,0.033434246821703,0.002059519404748733,1.7901305725339524e-06
0.001331597484127584,26738.046158711302,2.2193291402126403,2663.194968255168,1654.4351433644092,68.93479764018372,54678.0,0.04633672637487193,0.04811828949293413,0.0006421857593704682,1.7781491793780483e-06
0.30729525768080684,95371.50793318482,7.264663302146735,614590.5153616137,6053.222461861171,252.21760257754877,82161.0,0.15174710270054065,0.17613923030466658,0.14819936809628312,1.7646838173513299e-06
0.010454234029513154,28354.863220697014,2.0498498097084616,20908.46805902631,1828.6798194260573,76.19499247608572,71240.0,0.042883131217151385,0.05330559176061102,0.005049249264549043,1.7627491361594057e-06
0.0036562403224949377,12575.59654983156,0.9374975185884455,7312.480644989875,789.2587550275587,32.88578145948161,30838.0,0.019620987129483267,0.023018979692774937,0.0017660022637524767,1.7444764543496293e-06
0.007028559539834483,15719.421120732444,1.0896991534627105,14057.119079668966,1008.9299436867454,42.038747653614394,30083.0,0.022810907359590345,0.029432534032385924,0.003394927622769661,1.7384853676818885e-06
0.0021537107350285793,10411.228704452398,0.8445924451092467,4307.421470057158,623.609902482702,25.983745936779247,49010.0,0.017684069676146004,0.018197322374978855,0.0010403184691606527,1.7322051491911906e-06
0.0003362612289272602,5355.567672117136,0.448348305236347,672.5224578545204,314.99336169112246,13.12472340379677,599.0,0.009389173519194457,0.009193373922892715,0.0001624277580518007,1.7281943762927744e-06
0.00045312211415051687,25197.23421750205,1.888008808960487,906.2442283010338,1541.3045187066004,64.22102161277502,1691.0,0.03954181752516,0.044988540377073054,0.00021887664214618937,1.7169471717759147e-06
0.00405815288942977,35957.557376135774,2.6013800573267756,8116.30577885954,2217.5835294556946,92.3993137273206,83413.0,0.05450397538308825,0.06475731975247205,0.0019602592638021683,1.710752610996974e-06
0.018880197735523456,47713.30921786766,3.496332913985825,37760.39547104691,2913.7979019205413,121.40824591335588,43509.0,0.07329492826643699,0.08514313419050963,0.009120111792158223,1.7061585367609323e-06
0.0010898080342327783,10371.078351456717,0.6985948937389604,2179.6160684655565,653.1662428392472,27.215260118301963,10246.0,0.01465564663123227,0.019102221092469625,0.0005264816496962122,1.7072032664717592e-06
0.03311540046848997,50075.24884057881,3.3653862264725576,66230.80093697994,3138.634191825695,130.77642465940394,2151.0,0.07061194013793488,0.0918086931477959,0.015997994061399123,1.7005408090499296e-06
0.0004017630378780958,3840.1034108864924,0.26784202525206385,803.5260757561916,236.4847868265394,9.85353278443914,33264.0,0.005623785189399279,0.006923811164937363,0.00019412210099068903,1.6971410353980042e-06
0.28982415595827177,115990.89912337446,11.365653174834188,579648.3119165435,6050.238248179444,252.09326034081016,43044.0,0.23865406015003382,0.1771513860563754,0.14003623525298797,1.693070592965801e-06
0.0,18855.577260369675,1.4404977769009082,0.0,1102.1166266640248,45.921526111001036,17918.0,0.030319687480272802,0.03232731783355994,0.0,1.6818540886604685e-06
0.00015783666081385701,10291.120894682417,0.8768703378547611,315.673321627714,563.3530504472326,23.47304376863469,90494.0,0.018462019448836277,0.016529632100016508,7.636991850588824e-05,1.6636021420214422e-06
0.0001467948597861096,5557.356473429695,0.40776349940586,293.5897195722192,323.8735022855713,13.494729261898804,46949.0,0.00858682000563123,0.009504510355010988,7.102735183803388e-05,1.659850348829147e-06
0.2555018688562295,101258.63854628998,7.996928602698888,511003.73771245894,5703.659715657659,237.65248815240244,8739.0,0.1684164559340327,0.1673975962157863,0.12362581394711537,1.6562384731321177e-06
0.0,26920.27259255787,1.9295660891195687,0.0,1568.6304132952691,65.35960055396954,82742.0,0.04070549154598501,0.04611517369711096,0.0,1.6525054754358985e-06
0.0013222101551391293,10963.139780432331,0.7345611972995163,2644.4203102782585,650.3883615436615,27.09951506431923,62058.0,0.015502371724037775,0.01912917766294528,0.0006405496578120294,1.6454999897405372e-06
0.009726545817409676,16193.423850049643,1.3233395669945138,19453.091634819353,874.7456138403252,36.44773391001355,24057.0,0.027932434696460992,0.025732880192469013,0.0047120917045355565,1.6298504722987385e-06
0.0,8314.877455347558,0.6359460391929935,0.0,458.6135379680066,19.108897415333608,6116.0,0.013427003033606952,0.013494763133818326,0.0,1.6205265609434998e-06
0.0055291777680006515,53261.365475035826,3.4130726962966986,11058.355536001303,3084.6118866325905,128.52549527635793,13768.0,0.07207135304994512,0.0907773570247977,0.002678774246119586,1.5993550922066521e-06
0.004384043307589877,19819.97742242049,1.3917597801872625,8768.086615179755,1100.0730350353144,45.83637645980477,94081.0,0.02940996675100819,0.032403576374233085,0.0021240367734600366,1.5899464008894653e-06
0.0007678497562588968,20436.73524470344,1.7063327916864375,1535.6995125177937,1047.6886628928855,43.653694287203564,87670.0,0.0360679727822298,0.030870553802625857,0.00037202546756039833,1.5860608927117838e-06
0.0020082910655704746,24283.22924380767,1.6735758879753957,4016.5821311409495,1341.52755457701,55.89698144070875,27892.0,0.035388330607246325,0.03954083746872648,0.0009730265538545055,1.5777042770138821e-06
0.0005288312995121784,5768.730530910472,0.3672439579945683,1057.6625990243567,327.63350417837603,13.651396007432336,60523.0,0.007768247284932812,0.0096606496059475,0.0002562237678978216,1.577832087832441e-06
0.0546845722852606,80553.35966431403,6.604416942664323,109369.1445705212,4097.473550095934,170.7280645873306,73804.0,0.13971293102440294,0.12083037967119437,0.026495260531264955,1.569146553347234e-06
5.920446832317729e-05,3776.6919933383197,0.24668528467990536,118.40893664635458,208.7527028108787,8.698029283786612,28345.0,0.005225797230401318,0.006163354748858222,2.8692800767926993e-05,1.5596968913686852e-06
0.00011981363925136564,7803.090384607788,0.4992234968806902,239.6272785027313,431.77349373902905,17.99056223912621,14348.0,0.010576135948235203,0.012748755847888692,5.806639201541629e-05,1.5528080511116123e-06
0.0014311918552124487,21049.469241387356,1.490824849179634,2862.3837104248973,1116.3350322284502,46.51395967618543,97936.0,0.031586722403457584,0.03296565814263921,0.0006936121470719597,1.54706216133497e-06
0.010738153776139677,56251.27986040707,3.9770939911628433,21476.307552279355,2979.7462707108843,124.15609461295351,33368.0,0.08429095931782779,0.0880216840714575,0.005204169888552458,1.545562756715133e-06
0.009230859258520064,37079.479169786406,3.308551705562747,18461.718517040128,1751.3596982025829,72.97332075844095,29690.0,0.07018095816035035,0.0517807315519147,0.004473903145678329,1.5392921531383745e-06
0.049804616892771644,59772.69407782687,3.5702234331735943,99609.23378554329,3326.9154428293473,138.62147678455614,12429.0,0.07578472207806394,0.0984146001291069,0.02413978971929239,1.5383775596461523e-06
0.0006255308893169738,7721.636770499391,0.47388703736134385,1251.0617786339476,425.99623355260155,17.74984306469173,56186.0,0.01006677470075755,0.012613951250092995,0.0003032616473366933,1.539952813009864e-06
0.00541237814539343,20137.204003228082,1.4549403616649006,10824.75629078686,1040.9217353641086,43.37173897350453,72690.0,0.03091038634397155,0.030826076450094036,0.0026239658473527854,1.5319895907638455e-06
0.0007945609527542249,7153.093652404247,0.5517784394126561,1589.1219055084498,358.96573358032936,14.956905565847057,92713.0,0.011726225209076492,0.010633765136373097,0.00038521985274851705,1.5297789577851006e-06
0.19150551360617848,124022.03592546373,9.820795569547615,383011.027212357,6117.780799136543,254.90753329735594,22752.0,0.20873299491182754,0.18124839399351492,0.09284625638927985,1.5240049550367494e-06
0.14302930001259953,99990.64279960791,7.508099738194201,286058.60002519906,5017.012835523947,209.04220148016447,32693.0,0.15991232222637278,0.14890638934942738,0.0694083214892864,1.5195611701074703e-06
0.007360747971055138,29104.705949913314,1.7038768451516522,14721.495942110276,1586.301995887583,66.09591649531596,86153.0,0.03634838708034547,0.04715211370686156,0.0035744565132625732,1.5195894992630274e-06
0.0,5174.246461995959,0.36418577927700607,0.0,263.46150776430403,10.977562823512669,87794.0,0.007771910923726787,0.007834969232968303,0.0,1.5109362808358372e-06
0.016906487678971405,47413.90693562425,2.7624979867600334,33812.97535794281,2564.485630198654,106.85356792494392,16079.0,0.05895770305195871,0.07627011839059382,0.00821026143174834,1.5101912819011831e-06
0.013068843803708327,39839.58938838522,3.004331908898466,26137.687607416654,1972.3170628011771,82.17987761671571,13320.0,0.0641567892213024,0.058703263512408975,0.0063471157639386905,1.5101740632889725e-06
0.0003738253726278597,24258.040743341215,1.5576057192827488,747.6507452557195,1272.2489446513603,53.01037269380668,39271.0,0.033283651248403365,0.037888955504210675,0.00018156644609127715,1.5114500069730966e-06
0.00023306676988714588,7121.46147139975,0.4316051294206405,466.13353977429176,379.20317281653803,15.800132200689085,2874.0,0.009225811992425675,0.01129736283441667,0.00011320040062211705,1.5093600761282668e-06
0.0004215594194803817,9660.511539604673,0.7025990324673028,843.1188389607634,484.08489561782915,20.170203984076213,23006.0,0.015019850818069596,0.014423667864275892,0.00020475140756613487,1.5093775793355241e-06
0.028633758394429713,53440.947661712315,3.728353957608036,57267.51678885943,2716.4757884346254,113.18649118477606,67845.0,0.07971507208232503,0.080951083414451,0.013907444759719896,1.5086706321272974e-06
0.000590743844630285,7179.229646955965,0.43758803305947036,1181.48768926057,380.82665690247853,15.867777370936606,80798.0,0.009363432409577904,0.011357843381723643,0.00028696477881875874,1.509438566070523e-06
0.00022065431254581497,3552.6540575534964,0.2626837054116845,441.30862509162995,175.8578662180414,7.327411092418392,52.0,0.005621386467195997,0.0052454127073957805,0.0001071872322959354,1.5041066994076528e-06
0.0,1001.1494915199752,0.06885471662953764,0.0,50.10935555959996,2.0878898149833316,75565.0,0.0014735620200008862,0.0014947186842058982,0.0,1.4874888361778256e-06
0.00016131009305601476,15787.889772068122,0.8961671836445264,322.6201861120295,837.4688309819371,34.89453462424738,28268.0,0.019179185530915605,0.024981343423858764,7.835967831168582e-05,1.4864423916192882e-06
0.0069757488540964,31679.75748436293,1.845436204787407,13951.4977081928,1666.6456267614155,69.44356778172565,29192.0,0.03950239819003783,0.049727761583848826,0.0033886153938817243,1.4856780024267126e-06
0.0,2762.119298268338,0.1805726569702043,0.0,140.00285385986425,5.83345224416101,10893.0,0.0038667670114340747,0.004179348152583322,0.0,1.4837699652407914e-06
0.026103240854445403,47928.80706587584,3.1989265752996823,52206.48170889081,2409.5820699885335,100.3992529161889,26058.0,0.06850418152619749,0.07193355701802148,0.012680622984265082,1.4823100298045996e-06
0.0061496058429166105,23639.397078404934,1.5184211957818792,12299.211685833221,1203.2786516596796,50.13661048581998,32291.0,0.03253888591802664,0.03594748744521923,0.0029877793083348757,1.483645221961168e-06
3.0161040702783833e-05,1850.7954043990133,0.12567100292826597,60.322081405567666,92.04605930626127,3.8352524710942193,34476.0,0.002693933310636196,0.0027508295138032137,1.4654146645390493e-05,1.47843619101152e-06
0.00018760821205346444,3965.4487026923402,0.347422614913823,375.21642410692886,173.83141058365896,7.24297544098579,70674.0,0.007447689184263165,0.005195156995941861,9.115198249557404e-05,1.455297152293623e-06
0.003871697908489872,52083.80860911139,2.867924376659164,7743.395816979744,2690.650253021073,112.11042720921137,59982.0,0.06148419632249283,0.08041743821591865,0.001881118410582587,1.4512100177344826e-06
0.3857062039514667,180607.65689093666,11.083511607800768,771412.4079029334,9029.827861919355,376.24282757997315,98749.0,0.23776082021412676,0.2700982965366554,0.18740426225389265,1.4501374129665343e-06
8.457514403644276e-05,4613.805186403921,0.28191714678814256,169.15028807288553,228.1757684250544,9.507323684377267,10290.0,0.006062031835872254,0.006843629735525838,4.116994015862849e-05,1.441785406681591e-06
0.0005183585023041316,7322.524382247571,0.4319654185867763,1036.717004608263,365.39727206522343,15.224886336050977,39291.0,0.009289065594530027,0.010960036642589882,0.0002523294231384966,1.4408935106242351e-06
0.001303834418056132,14401.664762633982,0.965803272634172,2607.668836112264,690.3921337816182,28.766338907567423,91933.0,0.020770744606913107,0.020710478892621433,0.0006346893419690786,1.4390845885936281e-06
0.12455875321006361,123533.23683939569,7.09736485527428,249117.50642012723,6172.738800738069,257.19745003075286,44557.0,0.15266895759577243,0.1852090315408109,0.06063393769981716,1.4350745496936693e-06
0.00010260930814584367,3009.783742363416,0.19001723730711792,205.21861629168734,145.9201873343253,6.080007805596887,43073.0,0.0040936447137619745,0.004386364697130801,4.9979474993058006e-05,1.4342049616033285e-06
0.004102561490891993,17754.630661177405,1.3675204969639978,8205.122981783987,805.3511000006147,33.556295833358945,41241.0,0.02946244409278647,0.024209937338315755,0.001998297967568212,1.4339864509723332e-06
0.002957234484675478,14429.958455917676,0.8880584038064498,5914.468969350956,704.4439775047873,29.351832396032805,13445.0,0.019138347151951576,0.02118166157359993,0.0014404546437541041,1.434385959363407e-06
0.033630273947528405,46823.0686417337,2.9500240304849474,67260.5478950568,2269.820805356998,94.57586688987492,35820.0,0.06358747472927602,0.06826484953561918,0.016381380082406225,1.4343686109436117e-06
0.0063526982250492105,23701.953022792557,1.4307878885245968,12705.39645009842,1157.051713913166,48.21048807971525,79166.0,0.030860113876456468,0.034822095845415645,0.00309492020701185,1.4301688061883723e-06
0.0018479490960407487,15480.629479831941,0.9333076242630043,3695.898192081497,753.3771627295635,31.390715113731808,38947.0,0.020136367427401873,0.02268119041127844,0.0009003153948302835,1.4269870984151862e-06
6.292403320256134e-05,9942.557960422753,0.6991559244729039,125.8480664051227,461.0827663740588,19.21178193225245,46064.0,0.015087518498373967,0.013884517679408386,3.065668094700521e-05,1.4244543915330231e-06
0.023549673448270223,76023.91894664205,4.43496675108667,47099.346896540446,3720.9279474571963,155.03866447738318,60570.0,0.09571933460752054,0.11206331668244149,0.011473438841931194,1.4244822702119022e-06
0.00278057252520353,10939.191231425426,0.5792859427507354,5561.14505040706,547.8011042919566,22.825046012164858,15695.0,0.012514635224850188,0.01651665406131516,0.001354854862155843,1.4269307832072251e-06
7.368067155741471e-05,9835.519242347387,0.6140055963117893,147.36134311482942,472.3786797813122,19.68244499088801,3628.0,0.013266363377148456,0.014244958690317257,3.590194743194147e-05,1.4258104879447742e-06
0.04369195239955917,57860.595418386016,3.6409960332965974,87383.90479911833,2747.7539162703365,114.48974651126402,55045.0,0.07867873777489913,0.08287253258660543,0.021289528288203484,1.4159256732009595e-06
0.020651693718129978,64101.31010370091,3.35799897855772,41303.38743625995,3182.5580808508353,132.60658670211814,26790.0,0.07262055603047346,0.0960658818519864,0.01006497572109838,1.4174129729446154e-06
6.346976763483575e-05,7314.411575550487,0.5289147302902979,126.9395352696715,332.61890771139014,13.859121154641256,18227.0,0.011446696660133475,0.010049794423657965,3.093625068754875e-05,1.4158332619622298e-06
0.0001631888721921818,4843.53523447312,0.36264193820484847,326.3777443843636,216.8570165347759,9.03570902228233,2069.0,0.007849143232127561,0.006552806918163769,7.954107300980604e-05,1.4114175090567066e-06
0.01624185351361563,35843.59643958981,2.6409517908318096,32483.70702723126,1611.3693134338441,67.1403880597435,38234.0,0.057166129684340296,0.04869422308404994,0.007916566040159808,1.4101067768528596e-06
0.004122817901367278,52486.6510820621,3.926493239397407,8245.635802734556,2318.951158012701,96.62296491719587,81080.0,0.08504161733749753,0.07011089024753216,0.0020096933036678564,1.3970556122543448e-06
0.0004798503320074632,8432.305280652063,0.48469730505804365,959.7006640149265,401.2544889793663,16.718937040806928,65498.0,0.010506710120796774,0.012139991388660707,0.00023391073847462915,1.398821403679318e-06
8.574299029543301e-05,2162.902058209364,0.17863122978215212,171.48598059086603,91.73169427293928,3.8221539280391363,45767.0,0.0038725690110107814,0.0027756877970399356,4.179689322887761e-05,1.3901033108615718e-06
0.21669341854149435,151632.77464475372,8.448086492845784,433386.8370829887,7154.730890868453,298.11378711951886,35084.0,0.18315422776494053,0.2164993313351777,0.10563097266103422,1.38153303707635e-06
0.00459153211874197,32965.691279541556,1.7005674513859148,9183.06423748394,1571.3007080688985,65.4708628362041,58550.0,0.03693589414522613,0.04765010106546989,0.0022405888807617946,1.3799722072605924e-06
8.392387283638282e-05,2838.8203980638104,0.15541457932663483,167.84774567276563,133.40327555740936,5.558469814892057,77372.0,0.003376812539102122,0.004047417491983385,4.095432738303314e-05,1.378573602305523e-06
0.0,9818.257433530564,0.6344747469639807,0.0,443.91445403797735,18.496435584915723,48958.0,0.01378618815109618,0.013468783595394152,0.0,1.3782599072610873e-06
0.01406953010832703,61452.52431496911,3.3261300492498886,28139.06021665406,2884.841441229788,120.20172671790783,6401.0,0.07228180061384817,0.0875406033017853,0.006865845899265192,1.375168918052501e-06
0.003929436648209954,12526.310747860007,0.8450401393999902,7858.873296419909,557.1737751336659,23.215573963902745,30700.0,0.018377274598625072,0.01692226940074408,0.0019176730670556255,1.373591057418184e-06
0.6005970539882458,220335.64343686274,14.996181123302017,1201194.1079764916,9755.686904057828,406.4869543357428,59149.0,0.3261852078107786,0.29634615047316787,0.2931134879883846,1.3712383192750713e-06
0.006419522168061236,19997.955622184116,1.0489415307289602,12839.044336122473,938.3952686226216,39.099802859275904,96835.0,0.022890421284339147,0.028590132728420068,0.003142173443612986,1.3800702658463106e-06
0.004120901114497119,24346.715651873426,1.2487579134839755,8241.802228994238,1136.6358434827155,47.35982681177981,21422.0,0.027257133516469027,0.03463984121122763,0.0020171272232642917,1.3704358060666826e-06
0.001954688528045321,21308.48836131689,1.4479174281817193,3909.3770560906423,940.784943818742,39.19937265911425,72088.0,0.03161288388181209,0.028681071268307337,0.0009568137811087956,1.369517748334569e-06
0.0027768186028099377,16919.492437568264,0.9641731259756727,5553.637205619875,774.2007268528537,32.258363618868906,76212.0,0.021057783563295882,0.023609302849566444,0.0013592568281336971,1.3699230027565197e-06
3.59365225390399e-05,2709.7555557703936,0.1497355105793329,71.8730450780798,124.4205297637397,5.184188740155821,64126.0,0.0032709499994847554,0.003795108359852629,1.7591220238820736e-05,1.3681236873310403e-06
0.433778975138565,142568.89775345038,7.752975426962734,867557.95027713,6514.151930938448,271.42299712243533,19193.0,0.1693681371740975,0.19870394987366297,0.21233837583134302,1.3593077757445724e-06
0.005587957866182017,45358.47668999593,2.4835368294142297,11175.915732364034,2063.722670853384,85.988444618891,97950.0,0.054346313311301735,0.06307594569378545,0.0027411718920592283,1.36053570105997e-06
0.0,16630.97537050769,0.8173576245395433,0.0,761.4766850118043,31.72819520882518,9405.0,0.01789565871799933,0.023288583176229054,0.0,1.3508545650157524e-06
0.0011961170001929208,18669.294917620864,0.9492992065023181,2392.2340003858417,850.1540801573203,35.42308667322168,90448.0,0.020788177450412042,0.02600670033866654,0.0005867710992169036,1.3507229650914e-06
0.0007258110321965374,10954.915109617958,0.5760405017432837,1451.6220643930747,495.9546812640608,20.664778386002535,73566.0,0.012617014692293583,0.015175484459544458,0.00035605834220349446,1.3502609112335272e-06
0.008358009734881423,42021.16543844721,2.5099128332977245,16716.019469762847,1864.300942647373,77.67920594364054,25900.0,0.054981556000076696,0.057053527472640496,0.004100171469471173,1.3503864337235604e-06
0.012814475897344222,108301.15624584674,5.339364957226759,25628.951794688444,4886.882924640973,203.62012186004054,56402.0,0.1170272073906245,0.1496395065806143,0.006286628577751425,1.338055280524362e-06
0.0012750031793926613,14589.93964981113,0.7083350996625897,2550.006358785323,658.290586054416,27.428774418934005,14518.0,0.01554334682655271,0.020187490721564838,0.0006255406325710774,1.3402460512913202e-06
0.0006743138901895436,13786.665636526955,0.6811251416055997,1348.6277803790872,616.4775520882301,25.686564670342925,58373.0,0.014948588793215943,0.01890904715069988,0.0003308331954400456,1.332701619066945e-06
0.006846640946367152,26183.142340374827,1.3424786169347358,13693.281892734305,1162.525094392114,48.438545599671414,81987.0,0.0294676557031469,0.035664557724536736,0.0033591234423410877,1.3303872688599853e-06
0.007596037558465512,13789.825318126324,1.1509147815856835,15192.075116931022,557.0835932392621,23.211816384969254,5915.0,0.025270240382365146,0.017096601593074034,0.0037269202774170822,1.317893126018913e-06
0.00011649588562921249,3376.4843931668843,0.24269976172752603,232.991771258425,140.63733335582253,5.859888889825939,77024.0,0.005330222231819799,0.004316823599114615,5.715967790455112e-05,1.3173778503828754e-06
0.022994612462420325,31933.316794598566,2.105733741979883,45989.22492484065,1341.7590679771351,55.90662783238063,23311.0,0.046249023993543206,0.04118669714431087,0.011282504837658903,1.3102375925115708e-06
0.0018398469812369552,44846.298490477886,2.271416026218463,3679.6939624739102,1957.0606173332517,81.54419238888549,32383.0,0.04991104983451206,0.06009877408207748,0.0009028386451919806,1.311666120633671e-06
0.012385730101747275,44309.16083652576,2.414372339521886,24771.46020349455,1914.5733947858935,79.77389144941223,41520.0,0.05307879822095941,0.05882940274957297,0.0060779058573864515,1.3119878277789977e-06
0.0029595806322289323,23907.188391727464,1.409324110585206,5919.1612644578645,1015.5474428646698,42.31447678602791,60521.0,0.030999757440957412,0.03122325706963369,0.0014524089961270557,1.3049300210762295e-06
0.03556652912970281,71821.83099929195,4.473777249019221,71133.05825940562,3019.7414947140305,125.82256227975128,20103.0,0.09843655847559665,0.09287169599252956,0.017454465200374004,1.30190166806566e-06
0.043224193660245276,74379.8873488094,3.514162086198803,86448.38732049055,3229.472029793663,134.56133457473595,16686.0,0.07739832621755595,0.09941425479406828,0.021216208374223132,1.3055716494119695e-06
0.0005064175259207873,4792.523200227476,0.24115120281942248,1012.8350518415745,206.64055401680463,8.610023084033527,80658.0,0.005315394213505797,0.006367437001566649,0.00024862325592546475,1.3071907564438509e-06
0.0010093723254711658,17191.538587110364,0.9346040050658941,2018.7446509423314,732.034523810624,30.501438492109337,50349.0,0.02060140166813672,0.022558401240992624,0.0004955477349911117,1.3011250673332608e-06
0.0009373071257661955,18282.034836019997,0.8926734531106623,1874.6142515323909,784.8983699371936,32.704098747383064,34427.0,0.019681184449865552,0.024192912888618332,0.0004601698631684534,1.2998384974393456e-06
0.0010591337783326952,11541.320241915939,0.6304367728170805,2118.2675566653907,489.75576365652677,20.406490152355282,13039.0,0.013902267215321253,0.015099388915041432,0.0005199829119477652,1.2986173073417398e-06
0.0008330335202665254,13989.544820239682,1.0284364447734882,1666.0670405330509,572.0792864363067,23.836636934846112,22345.0,0.022682030700728488,0.01764012343829661,0.0004089808642365192,1.2940655752239085e-06
0.004190425188366539,56820.919805780824,2.7388399923964304,8380.850376733077,2421.938470401767,100.91410293340697,22265.0,0.06041846040975882,0.07469389709148327,0.0020573130402558246,1.2920462420991502e-06
0.03486226697110949,51507.88206195396,2.7342954487144695,69724.53394221897,2177.171509586754,90.71547956611474,90951.0,0.06035467372124125,0.06719534197638057,0.017116180057420185,1.293466335745727e-06
5.410927037035248e-05,3988.9541311033945,0.225455293209802,108.21854074070497,166.33076437570568,6.930448515654404,49457.0,0.004979527086712589,0.005137017356691358,2.6570347901259902e-05,1.284759820635914e-06
0.009317425683132284,20315.226278418686,1.1502994670533684,18634.851366264567,841.4272748811343,35.059469786713926,95719.0,0.025407399007422445,0.025988268537630827,0.004575321493525458,1.2770565724072713e-06
0.0008901718957428619,10174.6378375042,0.5706230100915781,1780.3437914857238,421.43459978130335,17.55977499088764,83021.0,0.012606917962000396,0.01301978548198144,0.00043713887282756316,1.2766283199665164e-06
0.00028586433489796324,6989.702244544342,0.4537529125364496,571.7286697959265,285.5942432281847,11.899760134507698,27114.0,0.010026141432251088,0.008824287258900946,0.00014038070624133262,1.2749590611988955e-06
0.0,2477.9139202343877,0.20475203520493193,0.0,98.5279521816445,4.105331340901854,27041.0,0.004524662324709521,0.003044584063793152,0.0,1.271409217225767e-06
1.2106192801969398,179797.0211779399,10.34717333501658,2421238.5603938797,7377.952769569512,307.414698732063,38810.0,0.2286648029524875,0.22799094924666455,0.5945051808510596,1.2683124661593014e-06
0.01461472874289153,137912.11292254433,6.495434996840681,29229.45748578306,5723.191563080174,238.46631512834057,48096.0,0.1438732498197412,0.1772602270243522,0.007219854161313021,1.274600221375585e-06
0.2105213150656066,105350.0638483564,4.741471060036185,421042.63013121317,4364.559326139393,181.85663858914137,41141.0,0.10517443806804497,0.1354203507120851,0.10400760522114522,1.2780219819522134e-06
0.003040217383684766,20534.113064474306,0.8812224300535553,6080.434767369532,844.8544790420583,35.202269960085765,24243.0,0.019567693907481316,0.026249072695880133,0.001503576726903547,1.2746503517718889e-06
0.10475429437726734,119469.72910565257,5.525015526227181,209508.5887545347,4882.872209625102,203.45300873437927,40887.0,0.12270792037562488,0.15174745861344782,0.05180829771419803,1.2681214572345798e-06
0.011104346013376013,29607.725877947436,1.690159210559515,22208.692026752025,1206.627093828779,50.27612890953245,60747.0,0.03758373614208403,0.037555943084519004,0.005494719560845946,1.2684507833981128e-06
0.006171138539579408,20888.01632927024,0.9350209908453648,12342.277079158815,848.5586085006598,35.35660868752749,59414.0,0.020799694178445464,0.026421080671546512,0.0030538078419283343,1.2648918047101883e-06
0.007614823220944062,31097.084989717143,1.6699173730140486,15229.646441888124,1258.5919040394608,52.44132933497753,46617.0,0.03715531204451364,0.039198407881925454,0.0037683349479756957,1.2605171158289329e-06
0.0011873072079717853,14474.41581442522,0.776017782988095,2374.6144159435707,583.9016812659896,24.329236719416233,10877.0,0.0172726509623496,0.018192546327246692,0.0005875828924812802,1.2568760328908045e-06
0.00461143846501672,105358.50051031176,4.803581734392417,9222.87693003344,4244.344203278102,176.8476751365876,37787.0,0.10693688493075154,0.1322645250620564,0.0022821543193156236,1.255375925259218e-06
0.001212581125487695,13944.894007511755,0.8420702260331216,2425.16225097539,560.718514508816,23.363271437867333,8469.0,0.018766156141984812,0.017496552101445288,0.0006001078469291475,1.2546923692657934e-06
0.00033891474228434765,5686.083559954951,0.28242895190362305,677.8294845686953,227.4372041306267,9.476550172109446,28635.0,0.0062953189168479156,0.00709814846975048,0.0001677303172124279,1.2483369959140587e-06
0.004027592152057972,25388.993551631906,1.278600683193007,8055.1843041159445,1013.0967188634778,42.21236328597824,13921.0,0.028501701997605104,0.031620250627701595,0.001993275470451756,1.245431433246757e-06
0.004271104583292311,47346.1777424761,1.9773632330056996,8542.209166584622,1888.0297857864678,78.66790774110282,81839.0,0.044090610915481374,0.05894684797596206,0.002113833123324307,1.2450180941022097e-06
0.0062615506327107105,48483.23593139017,2.319092826929893,12523.101265421421,1918.178966874963,79.92412361979012,40990.0,0.05173319723661767,0.05992346925454904,0.0030989999572377594,1.2359626601522273e-06
0.00026680581824755115,14027.725235405056,0.9881696972131524,533.6116364951023,553.8264744138587,23.07610310057745,8590.0,0.0220550197748738,0.01731178536165834,0.00013205304758115796,1.2341120938100876e-06
0.0011580391236545393,14010.719915051994,0.9190786695670947,2316.0782473090785,551.2739692546028,22.969748718941783,93680.0,0.020517498050833617,0.017234981559796476,0.0005731614042019241,1.2301281921481133e-06
0.013694836878529636,33070.22847755631,1.6599802277005622,27389.673757059274,1294.4340882488223,53.93475367703426,75426.0,0.03706497781891552,0.04047605110166998,0.006778179393936932,1.2239422878236163e-06
0.03443836904233786,56283.31904461355,3.020909565117356,68876.73808467572,2202.822993614848,91.78429140061868,81506.0,0.06747758869581133,0.06890863008451747,0.017046224705934622,1.224317102370888e-06
2.892177475442954e-05,4325.6395359586995,0.3213530528269949,57.84354950885908,169.17551309286395,7.048979712202665,12957.0,0.00718286015005617,0.005295791606091307,1.431807424368359e-05,1.2242794532618378e-06
0.000252289108034272,8281.256237753143,0.4004589016417016,504.578216068544,321.4868780320732,13.395286584669718,66322.0,0.008951671336418937,0.010064208738649933,0.00012489879087953303,1.215299762464606e-06
0.00013433413534751464,5198.877099453483,0.21322878626589623,268.66827069502926,201.58962733009574,8.399567805420656,11921.0,0.004766843456276612,0.006311437370851819,6.65038303287825e-05,1.2140001100459347e-06
0.0021747273959683614,28723.97666350228,1.2717704069990416,4349.454791936722,1108.318846304776,46.17995192936566,67445.0,0.02843246235293719,0.034701817728976965,0.00107662730371336,1.2081132823461157e-06
0.1456996425884447,84479.59148146349,3.624369218618027,291399.2851768894,3253.8760364814575,135.5781681867274,98225.0,0.08105161804842785,0.10191526636066368,0.07213129448037404,1.2063891949930409e-06
0.0017885173011291942,11188.426298269207,0.4769379469677851,3577.0346022583885,427.733166024665,17.82221525102771,66762.0,0.010674395235665662,0.013410778970922937,0.0008860776059386387,1.1986296028957635e-06
0.0009213473369889995,7445.431755748995,0.4724858138405126,1842.694673977999,281.03332959584543,11.70972206649356,37838.0,0.010575880516277133,0.008812459892014011,0.00045646328159790666,1.1836062945858666e-06
0.01396097017614096,47583.57309807803,2.3864906284001646,27921.940352281923,1795.9290940920823,74.83037892050343,9798.0,0.05342363422124363,0.05632053665988253,0.006916717609181601,1.1836130200604335e-06
0.0003074423729220402,6891.41958553771,0.48800376654292094,614.8847458440804,259.4038956637966,10.808495652658193,71573.0,0.010930221094357184,0.00813951931584215,0.00015232746301963105,1.181109235160154e-06
7.44589893146922e-05,4871.568304557774,0.206830525874145,148.9179786293844,182.91551865302347,7.621479943875977,17843.0,0.004633059535118582,0.005739950774738243,3.6892007145101715e-05,1.178255218010188e-06
0.007820199885369193,26070.15864121749,1.1092482106906656,15640.399770738386,976.7271473113085,40.69696447130452,55747.0,0.02484861019166381,0.030651787274863816,0.003874656091051391,1.175742261360952e-06
0.0002456354638279521,34405.77859447719,2.046962198566267,491.27092765590413,1287.7875103941342,53.65781293308893,87796.0,0.04586602659223262,0.04042591814800742,0.00012170914281389752,1.1749746641250718e-06
0.0031673132326538343,12727.546192023321,0.8446168620410225,6334.626465307669,476.2189931079281,19.84245804616367,42468.0,0.018933908880068313,0.014955398821592962,0.001569363974323168,1.1750418027133851e-06
0.0011347701874501396,18226.39313052042,0.8405705092223257,2269.5403749002794,674.4355495594873,28.101481231645305,60105.0,0.018846769583456217,0.02118345018566729,0.00056227321683585,1.1622403859047253e-06
0.0003093528655503343,5938.68275001844,0.28643783847253174,618.7057311006686,219.55343670620812,9.148059862758672,55375.0,0.006423548653562064,0.0068974488700641965,0.00015328373163330186,1.1614442394725968e-06
0.002912064069765469,41290.32601192947,2.206109143761719,5824.128139530938,1520.8217737573614,63.36757390655672,8486.0,0.04947656300691957,0.047781142305000676,0.0014429241855949846,1.1571994440343218e-06
0.0001746307358791775,3396.608407532367,0.14552561323264793,349.261471758355,125.08052083105457,5.211688367960607,83276.0,0.00326532860877074,0.00393165541746405,8.653056465400556e-05,1.1575239020032912e-06
0.10105713745496406,82420.38655190004,5.807881462928969,202114.27490992812,3021.6523399317284,125.90218083048867,76035.0,0.13032249343638078,0.09498331807258126,0.05007445389822075,1.152425049751136e-06
0.002753006811866901,15381.393889673165,0.7283086803880691,5506.013623733802,563.5643523978988,23.481848016579114,34815.0,0.016363774095346686,0.01773205460833344,0.0013648157966342457,1.152824947824688e-06
0.020773317300765055,63599.78179647491,4.525777189709163,41546.63460153011,2329.4312256922485,97.05963440384369,1238.0,0.10170264110572684,0.07330649491115816,0.010298608210060628,1.1526217990141164e-06
0.008959886292359446,35319.78018269757,1.3891296577301468,17919.772584718892,1288.584673513513,53.691028063063044,83396.0,0.031248110323413812,0.04058111786054873,0.004442422996241551,1.1489629224937413e-06
0.0003745525032973637,10357.191469188794,0.4624104978979799,749.1050065947273,377.49417035285796,15.728923764702415,89516.0,0.010405055255529386,0.011893168477002808,0.0001857160371605056,1.1483005322807185e-06
5.849234649990282e-05,2878.606693511572,0.12998299222200627,116.98469299980565,104.88555294814753,4.370231372839481,63741.0,0.0029251519233576147,0.003304872036681059,2.9002574738809656e-05,1.148080439099338e-06
0.0014468640766530203,11077.140118809812,0.5242261147293551,2893.7281533060404,400.51899584031753,16.688291493346565,81694.0,0.0117975887333596,0.012620496714307214,0.0007174066044758342,1.1393280737576542e-06
0.0022586536394006537,18865.88879350615,1.2548075774448075,4517.307278801308,676.9542430196842,28.20642679248684,56382.0,0.028242489277727014,0.021333762584518218,0.0011199287403861574,1.1308114246841917e-06
7.972271877978536e-05,11377.287594807258,0.5314847918652357,159.4454375595707,406.4783821351181,16.936599255629922,92421.0,0.011965734291677866,0.01281262919485735,3.9530082165510475e-05,1.1261585055391585e-06
0.006182589012561816,41096.39523836028,2.1467322960284085,12365.178025123632,1464.4655825774812,61.01939927406172,53311.0,0.048336853050469746,0.046167421758483033,0.003065604786360959,1.1233934628745576e-06
0.010304089000140973,41208.18745339663,1.817299647291177,20608.178000281947,1465.0018105425554,61.04174210593981,42093.0,0.04093897828744732,0.04620565835907791,0.005109385872937029,1.1212737374419353e-06
0.004696513686755836,24479.637899033984,0.9784403514074659,9393.027373511672,869.8752543857386,36.24480226607244,72162.0,0.022050713396379852,0.027448252028422992,0.002328932408200474,1.1212687108213375e-06
3.7015549570652757e-05,4787.989944569108,0.205641942059182,74.03109914130552,169.61255453736425,7.067189772390177,31916.0,0.0046354912096506955,0.005353464584231735,1.8355896840754238e-05,1.118102720809602e-06
0.05214102908078525,65330.68458823888,4.291442722698375,104282.0581615705,2308.0404300910004,96.16835125379168,26914.0,0.09674031959165034,0.07285235603784737,0.025856580214601153,1.1151322919240092e-06
0.002706122039726773,40593.90203008015,1.7346936152094699,5412.244079453546,1433.0864480737841,59.71193533640768,23882.0,0.03914238809091763,0.04526776862791643,0.0013423048917032025,1.115137160117619e-06
0.004015267849250357,22457.75765486232,1.216747833106169,8030.535698500715,789.5498201075422,32.897909171147596,53821.0,0.027465982978694882,0.024951282720706302,0.0019917010185737873,1.1110317915156642e-06
0.027893996073823594,32973.753028053005,2.2350958392486855,55787.992147647186,1159.213294190598,48.300553924608245,2237.0,0.05046729351723803,0.036642497503076514,0.01383658799851257,1.1112625691076857e-06
0.0001753296915926897,7254.899506538139,0.2783010977661741,350.6593831853794,254.963701583914,10.623487565996417,95441.0,0.006287065951645934,0.008062305210071289,8.698289112991055e-05,1.111291094081388e-06
0.0012241443192148593,18710.538480644085,0.8501002216769856,2448.2886384297185,657.0256403055648,27.3760683460652,18344.0,0.019205717275359833,0.02077773548236416,0.0006073113098952704,1.110483030932465e-06
0.010169602757316062,49146.24520401724,1.9940397563364827,20339.205514632125,1725.4151988566114,71.89229995235881,65723.0,0.04505859360905297,0.05457575596966022,0.005045281167577316,1.1104766140954175e-06
0.003037548840284485,25850.63473086432,1.250020098882504,6075.09768056897,905.0248437573384,37.7093684898891,1834.0,0.02825898418972691,0.02864202544155568,0.001507046201124971,1.1079815153381353e-06
0.010186612149675478,42600.49800217617,1.8354256125541402,20373.224299350957,1491.158870797755,62.131619616573126,93211.0,0.04150487237593942,0.04720538565210032,0.005054050917478999,1.1080946905758922e-06
0.0025266341703380065,16917.898872942264,0.6478549154712838,5053.268340676013,591.7002315887053,24.654176316196054,28364.0,0.014656164944067875,0.01874020906807653,0.0012536438003880525,1.1077149242243544e-06
0.0,1322.5949598517516,0.04798727756876775,0.0,45.924602397965984,1.9135250999152493,52555.0,0.0010857562885916896,0.0014547872718139025,0.0,1.0999492028738475e-06
0.0015750038914079678,25345.61772572966,1.0937527023666442,3150.0077828159356,879.1076154332125,36.62948397638385,34785.0,0.024747429505320422,0.027848541053468137,0.000781481799249452,1.0987517193237564e-06
0.016298257099851235,76069.09632246569,3.6218349110780528,32596.514199702473,2638.3013004733175,109.9292208530549,39879.0,0.08196852070199988,0.08359990017346322,0.008086894825459356,1.0989995177420483e-06
0.0030211253779731974,34166.801029926624,1.3986691564690727,6042.250755946395,1182.7521314859807,49.281338811915866,75958.0,0.031680321145797816,0.03750924549195606,0.0014991479731776113,1.0978272580772722e-06
0.5115436528465102,193005.56611493177,12.677661780582655,1023087.3056930202,6665.373528161143,277.7238970067143,49051.0,0.28724425178309276,0.21146184270851215,0.2538428668935271,1.0956256182922203e-06
7.040906127483816e-05,9159.211528514461,0.46939374183225446,140.81812254967633,315.9733447417446,13.165556030906025,30976.0,0.010665930791559005,0.010045632978249978,3.50279438572607e-05,1.09677923115717e-06
0.04503630258418194,124221.33251469735,6.672044827286214,90072.60516836388,4282.264762409959,178.4276984337483,5985.0,0.1516235797154212,0.13615826368081796,0.022405207546734893,1.0960940518385462e-06
0.004166952633471716,13884.25530526164,0.9259894741048257,8333.905266943431,478.2510087460278,19.927125364417826,66402.0,0.021075254745210603,0.015227132081226292,0.0020734908450269385,1.0967193952026905e-06
0.000398122227066141,50533.45721597572,2.65414818044094,796.244454132282,1740.2044082351595,72.50851700979831,92321.0,0.060420384807179026,0.055415163662829364,0.0001981111816515547,1.0966034527578362e-06
0.0003837561588994026,8172.4332647556985,0.3197967990828355,767.5123177988052,280.86869370988626,11.702862237911928,12315.0,0.007284418947078683,0.0089489570118557,0.00019096280376745267,1.095017447306523e-06
0.00260770226568027,18676.825676370856,0.7761018647857946,5215.404531360539,640.4403700114102,26.685015417142093,9593.0,0.017679548375687106,0.02040735191690421,0.0012976341237633919,1.0926563362811029e-06
0.002292698077051056,18929.714999388292,0.707622863287363,4585.396154102113,646.9121303154521,26.95467209647717,34928.0,0.016122451695584634,0.020617779267531933,0.0011408978339360397,1.0891753662534376e-06
0.004276913785368883,25756.488788404135,0.9632688705785771,8553.827570737765,878.0636891982986,36.58598704992911,30820.0,0.02195061932474529,0.027990596919778402,0.0021283122245764913,1.0867396231577997e-06
0.17798425476806912,153246.126416939,5.816478913989186,355968.5095361382,5199.256108916568,216.63567120485703,71497.0,0.1325728984162586,0.16578641164404986,0.08857184094949687,1.0818310095029242e-06
0.018994130563473516,68717.8986079361,3.7243393261712776,37988.26112694703,2328.3896654514747,97.01623606047811,98584.0,0.08500020534734873,0.07436763706210123,0.009460592558803438,1.0822164031295428e-06
0.03234932399241078,22954.726021508483,0.8626486397976206,64698.64798482155,775.2145860014912,32.300607750062134,32804.0,0.019704888514840202,0.024778405150918354,0.01611406898125915,1.079446782666937e-06
0.00013431848442822358,5637.354360544199,0.22386414071370594,268.63696885644714,189.95682131148783,7.914867554645326,73186.0,0.005114582146862409,0.006073148945326376,6.691843563574955e-05,1.077304805926748e-06
0.0005150264074869247,19290.2580556824,0.8583773458115411,1030.0528149738493,648.0602953312955,27.002512305470646,82153.0,0.01961218973325439,0.020720528546516185,0.00025659003457440644,1.074144704892243e-06
0.0005011824378040221,6181.929522131139,0.2570166347712934,1002.3648756080441,207.46961636129132,8.644567348387138,23270.0,0.005873463236031156,0.0066348317812578534,0.00024969350531614965,1.0732622812190493e-06
0.03188467190966102,55314.882433504674,3.2702227599652334,63769.34381932205,1850.5413112801814,77.10588797000756,11931.0,0.07473703554263937,0.059183822675698154,0.01588526407469392,1.0699439295897343e-06
0.0011877478911290823,6750.451310000313,0.46578348671728714,2375.4957822581646,224.9138256665452,9.371409402772716,81526.0,0.01065288695428674,0.007197430650265664,0.0005918419551753876,1.0662147343546027e-06
0.013041578319846094,32538.7855816976,1.2075535481338975,26083.156639692188,1083.418832552995,45.14245135637479,27548.0,0.02762077731923058,0.03467280489904578,0.006498516184238309,1.065583864892257e-06
0.10123155679629868,103548.1247922012,5.239728612644859,202463.11359259736,3445.8492258125875,143.57705107552448,89040.0,0.11988318262589846,0.11031624595412119,0.050446168987183376,1.065362083335668e-06
0.010793229790457293,81349.85791193073,3.9105905037888746,21586.459580914587,2705.704723162685,112.7376967984452,31941.0,0.08958035310868812,0.08671674447454854,0.005381245904252065,1.0659729064115638e-06
0.00034431486784374535,11531.92348309379,0.4250800837577103,688.6297356874907,383.4596385646712,15.977484940194632,10579.0,0.009746089674907768,0.012300393169152999,0.00017167638600614076,1.06663846557652e-06
0.00044286723807029964,9376.813813818077,0.4100622574724997,885.7344761405993,310.3295809043266,12.93039920434694,37291.0,0.009402682522956111,0.009955794713703814,0.00022081526108379135,1.0617460164381771e-06
0.0005317041535100106,7339.788849349386,0.31093810146784245,1063.4083070200213,242.82627727042677,10.117761552934448,80672.0,0.00713044696677275,0.0077909726449455815,0.00026511026474762794,1.0614709503034531e-06
0.00031506908767283884,8419.044948067549,0.3500767640809321,630.1381753456777,278.4369641863774,11.60154017443239,89579.0,0.008028549064828217,0.008934221691470448,0.00015709538873705044,1.0611918271705092e-06
0.000130769897888881,4530.2088363305975,0.16144431838133458,261.53979577776204,149.34315784513333,6.222631576880556,62672.0,0.00370280988586592,0.004792410020075286,6.520277939165198e-05,1.0578783877780494e-06
0.014881824044843511,37463.29861148372,2.20471467331015,29763.648089687023,1234.1391183910641,51.42246326629434,76938.0,0.05056815665571522,0.039605323894285456,0.007420185673406888,1.0571766331901467e-06
0.01741513217660756,81149.60895881722,3.628152536793242,34830.26435321512,2666.376091862962,111.0990038276234,93570.0,0.083258759918928,0.0856017996885669,0.008683955893052576,1.0548639825486915e-06
0.01924519873201971,144684.27779574148,7.547136757654788,38490.39746403942,4753.522740973799,198.06344754057497,26933.0,0.17333583581812467,0.1527386641090844,0.009597341525833284,1.055668704547938e-06
0.0044576811462683635,17024.6952697423,0.7619967771398912,8915.362292536727,557.2638060655477,23.219325252731153,94929.0,0.017531243217849286,0.017933212364581827,0.0022232035786076327,1.0533646611845217e-06
0.0008498811284686762,12593.047240310276,0.7869269708043297,1699.7622569373523,407.7617282718952,16.990072011328966,54103.0,0.01810798619438151,0.013124464903341038,0.0004238752642129239,1.0421992908380187e-06
0.009367468413184754,37907.55429820518,1.6434155110850446,18734.936826369507,1226.5857633574917,51.10774013989549,27766.0,0.037823503593516494,0.03948481129171703,0.004672012174718544,1.0416079861313164e-06
0.004656908788912014,17832.79750732681,0.7572209412865064,9313.81757782403,576.7317848738218,24.03049103640924,47531.0,0.017434170381287233,0.018572807106262083,0.002322735465133194,1.0414971121962906e-06
0.0029454545630833292,134755.1993706771,4.9090909384722154,5890.909126166658,4349.007792029186,181.20865800121607,79413.0,0.11304607013568016,0.14007947818492705,0.0014691442325031974,1.0395107486695503e-06
0.00015148645694103822,3615.422456605483,0.12623871411753185,302.97291388207645,116.65971831076357,4.8608215962818155,80412.0,0.002910302851338117,0.0037628251392439324,7.55600602417559e-05,1.0407705280386087e-06
0.09400146462046124,140150.22794016718,6.037345190781069,188002.9292409225,4512.5581000533475,188.02325416888948,80802.0,0.13918879335711137,0.1455567204993385,0.04688710687286655,1.038576409319002e-06
0.05572369304872362,72499.80592115138,2.691965847764426,111447.38609744723,2328.6724700767995,97.02801958653332,34592.0,0.06214879582338719,0.07522296882098607,0.027807527963948954,1.037560968132747e-06
0.0038956641686682036,26261.26473524152,0.9618923873254823,7791.3283373364075,842.6428081036861,35.11011700432025,93051.0,0.022220798072187742,0.027240331687605906,0.0019445753918580606,1.0372817898237217e-06
0.000981664487103992,14229.14180414352,0.5193991995259217,1963.3289742079842,455.9572545239938,18.998218938499743,25445.0,0.01200137360395834,0.01474386420495823,0.0004900211217277933,1.0361738190468256e-06
0.001332629772099756,20535.87378160653,0.8542498539100999,2665.2595441995118,657.2234822534035,27.384311760558482,63117.0,0.01974088948609364,0.02125515620519731,0.0006652170311612919,1.035025654678255e-06
0.0009167807170744228,7484.150283650783,0.27781233850740084,1833.5614341488456,239.4177444199577,9.97573935083157,195.0,0.0064212425711737825,0.00774461590130279,0.0004576381351472326,1.0348022965574325e-06
0.004488603478645147,26343.17429948338,1.4249534852841734,8977.206957290293,839.7569750512291,34.98987396046788,62488.0,0.03293791633027656,0.027166319503385238,0.0022406290705835144,1.0312470013880598e-06
0.020322672403616127,71386.71084346285,4.516149423025806,40645.34480723225,2270.9506815682125,94.62294506534218,48932.0,0.10442555880033709,0.0734857083633088,0.010144935078855678,1.0294031969682514e-06
0.00624138532421553,61508.24530662278,2.3116241941539,12482.77064843106,1950.4943356752106,81.27059731980044,29948.0,0.05350686275064395,0.0631624747053785,0.0031159717543985323,1.0268944332667803e-06
0.0015117410565354962,26860.93829803132,1.1198081900262935,3023.4821130709925,850.115504135997,35.42147933899987,90027.0,0.02593393008223512,0.027546522346693907,0.0007547505835920625,1.0255234586765285e-06
0.013044918304352265,36767.26432553176,1.6104837412780573,26089.83660870453,1163.1799778224756,48.465832409269815,84871.0,0.03730728845957912,0.037701220439789435,0.006512844227714072,1.0254018386026377e-06
0.003725689187906437,25677.029776996977,0.8870688542634374,7451.378375812874,811.0599954686026,33.79416647785844,29232.0,0.020556857491159947,0.026298152367808178,0.0018602196801297361,1.0241898146399954e-06
0.0021651299819810373,23194.353663747326,0.9622799919915722,4330.259963962075,728.0664055056569,30.336100229402373,81568.0,0.0223043790208737,0.023613342973848334,0.0010810596706561679,1.018064280478567e-06
0.0015152980024751932,23730.575113309158,1.1224429647964393,3030.5960049503865,741.483148592856,30.895131191368996,51110.0,0.026022549319635872,0.024054167555000786,0.0007566036600402021,1.0136360977408484e-06
1.2541799859829965e-05,3014.6458380776285,0.1393533317758885,25.08359971965993,93.66444629063014,3.902685262109589,91711.0,0.0032315876811788453,0.003039263083677715,6.262295243511233e-06,1.0081658831326548e-06
0.0020742992866439845,34413.71989807449,1.1523884925799914,4148.598573287969,1065.6724686733821,44.40301952805759,7174.0,0.026724619775823934,0.03458043646271255,0.0010357265715456748,1.0048444796183567e-06
0.0007926687644035199,11431.152682102103,0.4403715357797333,1585.33752880704,353.33415683186473,14.72225653466103,40001.0,0.010215225097456055,0.011469448985915391,0.0003957946716239229,1.0033501699153444e-06
0.00016873158798394987,16371.366910783672,0.5624386266131662,337.46317596789976,505.25728660237166,21.052386941765487,79722.0,0.013048127948333224,0.016402850657929298,8.425124185863131e-05,1.00192309825546e-06
0.16428758096592205,169808.59818767896,5.776637868000072,328575.1619318441,5240.545455409668,218.35606064206948,54033.0,0.13403088384353207,0.170158825880468,0.08203232450603608,1.002062485036252e-06
0.024913344051194167,78883.39380789876,2.555214774481453,49826.68810238833,2427.592484181341,101.14968684088922,63538.0,0.05936625151400971,0.07895750054373157,0.012449981808325898,1.0009394465964952e-06
0.006390115016157365,34714.01849510583,1.3742182830445946,12780.23003231473,1066.6224975684631,44.442604065352626,7412.0,0.03194668804288982,0.03471933441580326,0.003193739129646806,1.0001531346968134e-06
0.0002102216796395829,20003.976625094823,1.167898220219905,420.4433592791658,614.3186847856651,25.59661186606938,55685.0,0.02715900657084912,0.020003462959617538,0.00010507082356102504,9.99974321831758e-07
0.019022971707033546,54822.38818924704,1.8117115911460522,38045.94341406709,1679.4558495935662,69.97732706639859,22983.0,0.04214207469641065,0.05469743181565122,0.009507874769994998,9.977207053956775e-07
0.005429074384095782,29611.113457653973,1.0645243890383886,10858.148768191564,904.371171268619,37.68213213619246,49020.0,0.024772254026091352,0.029470171755108448,0.002713764625669646,9.95240243067959e-07
0.004772157282403887,30041.17136503199,1.0196917270093775,9544.314564807773,916.8580558684323,38.20241899451801,76346.0,0.023734845145216028,0.02988588139186981,0.002385464291113658,9.948307617144736e-07
0.0018370501184910902,13188.881476209335,0.43739288535502147,3674.1002369821804,401.66739603171334,16.736141501321388,22034.0,0.010183388501735934,0.013096654066199932,0.0009183104700952909,9.930071848643292e-07
0.019614589312065087,73897.36928914388,4.218191249906471,39229.178624130174,2249.7964951861222,93.74152063275508,5374.0,0.09821800143477373,0.0733658397897353,0.009805093481543533,9.92807193212402e-07
3.422660047641137e-05,7556.333342165818,0.2852216706367614,68.45320095282274,228.72162640948505,9.530067767061878,87350.0,0.006647741304408673,0.007464085894902201,1.7111137047977302e-05,9.877920357551118e-07
0.048363171425264175,101006.20567152741,5.167005494152155,96726.34285052835,3053.910367951548,127.24626533131449,77434.0,0.12043684950643778,0.09966854118166173,0.02417853319981037,9.867566108342315e-07
0.01850960626449611,35964.74562163961,1.8417518671140407,37019.21252899222,1086.5090325339147,45.27120968891311,39288.0,0.04298084481969574,0.035495085547784334,0.009255872805456235,9.86941098407973e-07
0.01577735132191832,43623.13279949671,1.383978186133186,31554.702643836637,1315.8099512513256,54.8254146354719,63614.0,0.03231169772166092,0.04300136416333746,0.007890317754477495,9.857468137600971e-07
0.0028339064104101457,22262.66251179678,0.7871962251139294,5667.812820820292,671.1295885077009,27.963732854487535,69124.0,0.01838458732522515,0.021942304905786157,0.0014173599900189375,9.856100946667601e-07
0.0015871628402579522,10687.621149406006,0.5568992421957727,3174.3256805159044,321.4875731828712,13.3953155492863,91929.0,0.013008504169175077,0.010513210360640022,0.0007938204960746548,9.836810468552511e-07
0.0006446029450398747,9564.328273650504,0.4883355644241475,1289.2058900797495,285.6323422674731,11.901347594478047,75901.0,0.011408422240686965,0.00934166321289205,0.00032240112900047035,9.76719215988028e-07
0.0,1478.5144954262146,0.05689458020745511,0.0,44.11254112161737,1.8380225467340572,5290.0,0.0013293143064798305,0.0014428443169083652,0.0,9.758743126102619e-07
0.022648774752680012,60905.150387472924,3.4316325382848505,45297.549505360024,1813.4828108587772,75.56178378578238,43017.0,0.08017949779169163,0.05931671707303163,0.011327925428676968,9.739195568135727e-07
0.0003823987489140744,5685.919301148876,0.19916601505941375,764.7974978281488,169.25434861207822,7.05226452550326,34076.0,0.004657213454406073,0.005539380330923526,0.00019128077858238945,9.74227743577764e-07
0.0011487071616892385,20130.514114655318,0.7658047744594925,2297.414323378477,597.6090275278642,24.900376146994343,17958.0,0.017908087411449725,0.01955971651375035,0.0005745992139584638,9.716451553271846e-07
0.0007775716805552276,13641.23637565225,0.6479764004626898,1555.1433611104553,404.8290676457616,16.8678778185734,98698.0,0.015155424511594804,0.013252629299542275,0.00038895434678484086,9.715123273720565e-07
0.0,4759.197715345278,0.2698869198934079,0.0,140.78132371325475,5.865888488052281,77343.0,0.006313302192843401,0.004609278667678169,0.0,9.684990923609417e-07
3.2985332870341795e-05,2059.3803107361023,0.07330073971187066,65.97066574068359,60.855951336650044,2.535664639027085,47778.0,0.0017147883225994115,0.001992558107957691,1.6499878819040434e-05,9.675522765610369e-07
0.06817372337061803,131013.77998401254,4.784120938288984,136347.44674123605,3870.18976327005,161.25790680291877,91670.0,0.11192104514319108,0.12672107630381543,0.03410177378775661,9.67234716220531e-07
0.002863131965468054,14219.17352988924,0.5023038535908867,5726.263930936108,419.62756588091975,17.48448191170499,62461.0,0.011764201551125945,0.013757239390210226,0.0014326808246468959,9.675132919147508e-07
0.00098252481558105,27856.839550552162,0.9097451996120833,1965.0496311621,821.7999744591898,34.24166560246624,36293.0,0.021309183704195274,0.026945928878249027,0.0004916520255935226,9.673002865005524e-07
0.0015576101981348135,24811.853277061393,0.9271489274611985,3115.220396269627,731.5703662975773,30.48209859573239,49356.0,0.0217214641332003,0.023993863364425085,0.0007794265976333709,9.670322928520402e-07
0.00028356102003065204,7225.4089233007535,0.24235984618004447,567.1220400613041,212.39791734273678,8.849913222614033,7245.0,0.005679297366033946,0.006967846050571809,0.00014189475903003806,9.643531770363408e-07
0.003782089697282813,18206.22315471266,0.6303482828804687,7564.179394565625,534.3980845503775,22.26658685626573,96412.0,0.014771995963013611,0.017532483851540458,0.0018925713684468395,9.629940104849365e-07
0.005662976324365023,25536.83749453912,1.4747334178033915,11325.952648730046,748.7932242573058,31.199717677387742,57621.0,0.034564978131581284,0.024570647979659216,0.0028338274740561217,9.621648720172764e-07
9.048494818719666e-05,7279.023731299703,0.2513470782977685,180.9698963743933,213.4136834750064,8.8922368114586,49872.0,0.005893139828894333,0.007004605612845575,4.528113559799856e-05,9.623001478516777e-07
0.014086832929484415,27135.67285744939,1.5917325344050188,28173.66585896883,795.3870079729423,33.14112533220593,61057.0,0.037322316558822795,0.026107803818861925,0.007049438538005397,9.621211147412072e-07
0.004620047712404121,15152.968558913684,0.8800090880769756,9240.095424808243,444.13565486703317,18.50565228612638,12123.0,0.020641809952203344,0.014582127349994919,0.0023121619053499552,9.623280938847478e-07
0.003824527542829401,29815.26390514606,0.9443277883529385,7649.055085658802,871.7246053161996,36.32185855484165,16374.0,0.022155065745639416,0.028625157564917438,0.0019140779291659383,9.600839910719954e-07
0.000286132799084557,7858.656050440536,0.2445579479355188,572.265598169114,229.37744455296388,9.557393523040162,8026.0,0.00573889506713706,0.007534312451718829,0.0001432048671729006,9.587278541470808e-07
0.016725528213996515,30476.492131336956,1.225313422270807,33451.05642799303,887.8027187721854,36.99177994884106,34983.0,0.028755347324616643,0.029163665584516222,0.008370870043420558,9.569233053081316e-07
0.004703747519129185,119098.33355935277,4.355321776971468,9407.49503825837,3466.4719013365375,144.43632922235574,46854.0,0.10223899562193745,0.11390426810707643,0.002354350484875878,9.563884288130038e-07
0.0027328400102686417,16959.645542150018,0.7921275392083019,5465.680020537284,493.40305042847183,20.55846043451966,846.0,0.018613827521577402,0.016231143062011042,0.0013678911678533382,9.570449465863883e-07
0.0008402950832982062,9619.656652213707,0.304454740325437,1680.5901665964125,278.65249672099935,11.610520696708306,76918.0,0.007155568767200089,0.009168128904204039,0.0004206056489630148,9.530619683909652e-07
0.02111872748085461,57321.5811015033,1.7381668708522313,42237.45496170922,1660.06867153139,69.16952798047458,38307.0,0.040854882412743904,0.05462401823546897,0.010570921590547944,9.529398384657679e-07
0.00045318582464772363,9644.516558014124,0.3596712894029553,906.3716492954472,278.81692154982056,11.617371731242523,46927.0,0.008457377876944791,0.00917939402638454,0.00022686491342269467,9.517733699940523e-07
0.006974565947541077,25043.795750160018,1.0332690292653448,13949.131895082155,723.9620842900721,30.16508684541967,94502.0,0.02429853596288855,0.02383694386481266,0.0034914770132887457,9.518103446703103e-07
3.3218513414506783e-05,3365.6379218184247,0.11072837804835595,66.43702682901356,97.12357954396478,4.0468158143318655,78143.0,0.0026045408504530303,0.0031986223470001187,1.662981273525908e-05,9.503762500013462e-07
0.0,15515.504150443763,0.9320449560064824,0.0,447.47801736856,18.644917390356667,73097.0,0.021924030978524998,0.014737502227935594,0.0,9.498564845225531e-07
0.0025930977828237233,22786.264096524203,0.9604065862310086,5186.1955656474465,656.9775158022064,27.374063158425265,96141.0,0.022596121512691174,0.021640470264144146,0.00129815374835445,9.497155906064112e-07
9.676749200143583e-05,2925.1002895601073,0.09215951619184364,193.53498400287165,84.32808282841955,3.5136701178508147,26061.0,0.0021687880060700113,0.002778320912455484,4.8444263861784356e-05,9.498207368723426e-07
0.007143411139874686,28429.270763378998,1.451912833307863,14286.822279749373,819.5680160091933,34.14866733371639,15759.0,0.034168575998562045,0.02700270356500161,0.003576174752706768,9.498204786801984e-07
0.00118812058879446,17874.702581591297,0.7765494044408235,2376.24117758892,514.3361592199639,21.430673300831828,8145.0,0.018281163979790547,0.016950659180553506,0.000594824898651419,9.483044041253342e-07
0.013565586005369909,65401.4350074977,2.318903590661523,27131.172010739818,1875.7057182843487,78.15440492851452,78168.0,0.05460052865500728,0.06182695512628883,0.006791563410720446,9.453455435526899e-07
0.0,9842.299157353911,0.4264404886587201,0.0,280.36512575765136,11.68188023990214,53278.0,0.010046384109783394,0.009247103994070669,0.0,9.395268164716852e-07
0.031081974469232297,65444.32553269698,2.3023684792023924,62163.94893846459,1856.9029910732554,77.37095796138564,58928.0,0.05424626115414199,0.06125071006499268,0.015562139231786166,9.359208696312546e-07
0.0005394161451707829,5742.725825608892,0.27662366419014506,1078.8322903415658,162.90099180093995,6.7875413250391645,44590.0,0.006521086510689592,0.0053766495535459485,0.00027011719366923446,9.362539178815612e-07
0.0051643460765227,33159.751746441245,1.5370077608698514,10328.6921530454,939.7862330991622,39.157759712465094,95396.0,0.03623556304965542,0.031019902740650068,0.0025860969307338476,9.354684853447122e-07
0.009398881639342428,34925.28164524868,1.2787594067132555,18797.763278684855,988.7550885625557,41.198128690106486,95127.0,0.03015818442147955,0.03264636434799453,0.004706703850492488,9.347487782517517e-07
0.04052339560193693,71240.1775777615,2.36978921648754,81046.79120387386,2011.5263860668128,83.81359941945054,25183.0,0.05590582557739984,0.06643755324732963,0.02029396762604222,9.325854525672734e-07
0.00018535194297603156,7094.760512440386,0.3432443388445029,370.7038859520631,200.18575180830317,8.341072992012633,81774.0,0.008102025266337097,0.006616216226466971,9.284241343002221e-05,9.325496209302194e-07
0.0031994612241512854,22359.316594710912,0.7016362333665099,6398.922448302571,630.426739881664,26.267780828402667,60070.0,0.01656293916087252,0.020837225284936194,0.0016026051453317924,9.319258572449049e-07
6.478528079005279e-05,9170.91491573834,0.26993866995855326,129.57056158010556,256.7043519666602,10.69601466527751,64710.0,0.006373271793897129,0.008486507459012447,3.2451366338561935e-05,9.253719543781426e-07
0.00041459860285950235,7980.8049037598075,0.24245532330965053,829.1972057190047,223.16648689653033,9.298603620688764,30214.0,0.0057247528180591955,0.007378389891283025,0.00020767519021107922,9.245170105344912e-07
0.003856876858294021,13619.519092660825,0.7142364552396335,7713.753716588042,379.56497192064114,15.815207163360048,79703.0,0.016865215383703655,0.012550204305723626,0.0019319392131999904,9.214865973121311e-07
0.0003120817029367845,9479.118035557096,0.416108937249046,624.163405873569,263.73288073923067,10.988870030801278,26393.0,0.009827208565785776,0.008721344781128895,0.00015632713983538247,9.200586751229682e-07
0.024855287816278663,18959.792355416834,0.6137108102784855,49710.575632557324,527.1954918745417,21.966478828105906,83411.0,0.014495379299135655,0.01743527264575696,0.012450464387139277,9.19591961711315e-07
2.5564704447127216e-05,3789.0767912090732,0.1704313629808481,51.12940889425443,105.27841708609631,4.386600711920679,83808.0,0.004026041850671234,0.0034823476760319724,1.2807418625021093e-05,9.190491161623502e-07
0.016112606123291486,32870.65614151534,1.118930980784131,32225.212246582974,910.4864817735561,37.93693674056484,50498.0,0.02643318842744895,0.03011767262317116,0.008072102637344137,9.162479901072863e-07
0.001170173385707438,11669.907923250068,0.4105871528798028,2340.346771414876,322.61928048870595,13.442470020362748,50761.0,0.009702115099664115,0.010675028508548854,0.0005862814577358581,9.147483063924518e-07
0.00043793053417904947,6305.664572255484,0.20274561767548585,875.8610683580989,174.1917046421691,7.257987693423712,13309.0,0.004791314511214442,0.005764379406243749,0.00021941368722893883,9.141589027121178e-07
0.0009837567744484744,16484.124776268865,0.49684685578205784,1967.513548896949,454.9221302803495,18.95508876168123,26184.0,0.011742121197665427,0.015055222837261217,0.0004928867890603938,9.133164812568789e-07
0.002063606116669121,21253.95631541132,0.6878687055563737,4127.212233338242,584.7145540756032,24.363106419816802,40712.0,0.016258503282552125,0.01935349554084779,0.0010339234579565166,9.105831993648401e-07
0.010441781575660196,68565.82106674417,2.2455444248731604,20883.56315132039,1884.509284727242,78.52122019696841,82092.0,0.0530844446349711,0.06238753888894399,0.005231674034248387,9.098926829478779e-07
0.0008476088282805613,13760.094265752523,0.4956776773570534,1695.2176565611228,378.1506154209002,15.756275642537506,52647.0,0.01172399411816123,0.012526663573450022,0.0004247019603080672,9.103617556332892e-07
5.535100283246124e-05,4968.192152123077,0.15375278564572567,110.70200566492248,135.9582309584091,5.664926289933713,38475.0,0.003637057301614598,0.00450433324318419,2.773423124160972e-05,9.066342655968601e-07
0.004460406217730676,20412.641822383277,1.0045959949843866,8920.812435461352,558.4724788922553,23.269686620510637,59317.0,0.023764812312463537,0.018503178866258064,0.0022349364140229785,9.064568431298584e-07
0.0002272744621380514,4956.872855953917,0.2164518687029061,454.5489242761028,135.5079282678594,5.646163677827475,82868.0,0.00512162182399225,0.004490447695200981,0.00011388095592485097,9.05903343840524e-07
0.012500483559458514,35006.694282005505,1.9380594665827153,25000.96711891703,952.9961521108809,39.708173004620036,18278.0,0.045860154122681275,0.0315817059666364,0.006263654196144954,9.021619040124661e-07
0.005524888849692679,70363.63155578417,2.833276333175733,11049.777699385359,1912.9950656403275,79.70812773501365,84234.0,0.06707436332570958,0.06341550683579329,0.0027685457764513436,9.012540346999796e-07
0.0020054137945460446,16895.339858373536,0.835589081060852,4010.8275890920895,457.04993629468845,19.04374734561202,2013.0,0.01979483013829957,0.015160752857162526,0.0010049493769210547,8.973334057940641e-07
0.003001283748109814,29100.386167968332,0.952788491463433,6002.567496219628,786.6114446624913,32.77547686093714,15834.0,0.02257571439672311,0.02609655761473962,0.0015040130629379589,8.967770208996361e-07
0.013440528233946793,33157.143669277444,1.6593244733267645,26881.056467893584,891.4125153706816,37.142188140445064,2673.0,0.03932551096867913,0.029581149114904563,0.0067354624787232635,8.92150102251229e-07
0.0029833673709133727,18012.241666296715,0.552475439058032,5966.734741826745,484.2352822985972,20.176470095774885,75455.0,0.013098659520073351,0.01607389886584393,0.0014951579414457469,8.923874753424122e-07
0.0002780383348531529,10012.263903514107,0.30893148317016983,556.0766697063058,269.1229586836316,11.213456611817984,5181.0,0.007325426879141154,0.008934810873751801,0.00013934503811613642,8.923866729697226e-07
0.0002673798156818367,11407.669142521192,0.42441240584418527,534.7596313636734,306.0874839862551,12.753645166093962,85719.0,0.010064464061940634,0.01016293135181859,0.00013400347309901078,8.908858790387828e-07
0.001403607586670413,10385.215034774894,0.46786919555680434,2807.215173340826,277.5106588762294,11.562944119842891,97021.0,0.011096109840366014,0.009215040077177343,0.000703450793574296,8.873229919959077e-07
0.004676884985227875,42670.54560568966,1.4847253921358334,9353.76997045575,1136.3273395655278,47.34697248189699,98703.0,0.03521604850544726,0.0377364496228601,0.0023439468616155675,8.843676378449764e-07
9.41613487842085e-05,6235.358157831709,0.20924744174268553,188.322697568417,165.613316619518,6.900554859146584,81210.0,0.004964866927872485,0.0055019514636084,4.7192601933327595e-05,8.823793797149986e-07
0.0075882595235732975,18545.427487695386,1.0117679364764398,15176.519047146596,491.3481831469195,20.472840964454978,19157.0,0.024007665455118347,0.016324306867901157,0.003803151555154915,8.80233517331002e-07
0.0030527680922808466,19905.858624395474,0.5500483049154679,6105.5361845616935,527.1082310213578,21.96284295922324,36935.0,0.013054917314617675,0.017515240096761916,0.0015300717179768427,8.79903772414833e-07
0.014592548196114054,59056.19205034677,2.0267428050158407,29185.096392228108,1562.377036626601,65.09904319277504,55122.0,0.04810925540050906,0.0519252048519459,0.007314013461670802,8.79250812644311e-07
0.00021233242364460494,3871.795504781221,0.12868631736036662,424.6648472892099,102.42559900835116,4.267733292014632,53814.0,0.003056126693584645,0.00340585732324784,0.00010643211720884385,8.79658370139125e-07
0.0014094313398354688,33992.25438893854,1.5660348220394098,2818.8626796709377,897.998903252758,37.41662096886492,52461.0,0.03719235418038851,0.029861288005383305,0.0007064814626141947,8.784733034682307e-07
0.0007023130688474378,10041.809507529366,0.36016054812689124,1404.6261376948758,262.5851731200172,10.941048880000718,99452.0,0.00855677174602607,0.008734391115984095,0.00035203890778559316,8.698025101387388e-07
0.0003412141274007712,11417.631134342679,0.42125200913675453,682.4282548015424,296.4671093883092,12.352796224512884,81017.0,0.01000905226466394,0.009862270016793753,0.00017103636103656773,8.637754978026386e-07
0.0005370470363310712,11401.015597556903,0.3442609207250457,1074.0940726621425,295.4001201100608,12.308338337919201,72688.0,0.00818054369467405,0.00982774480762708,0.0002691996624062296,8.620060838907231e-07
0.0030030593274666807,22033.98123320582,0.8341831465185224,6006.1186549333615,569.0040495929937,23.708502066374738,70322.0,0.019824004295692206,0.018932206987395644,0.0015053145790347427,8.592276986632031e-07
0.00032734854103153146,7525.436947056204,0.27279045085960957,654.6970820630629,194.32046295994505,8.096685956664377,83950.0,0.0064840333290386645,0.006466758647868323,0.00016408931534299414,8.59320022659679e-07
0.00010565416783892599,25828.76358894268,0.7043611189261733,211.30833567785197,666.5660948303878,27.77358728459949,17550.0,0.01674324415666055,0.022183977752739767,5.2961129617208686e-05,8.588865539904029e-07
1.271552964575606,363330.091564747,10.26273579157067,2543105.9291512123,9366.490565656075,390.2704402356698,93155.0,0.24399453836908103,0.31179522236987456,0.6373900662420737,8.581596449307896e-07
